customer_key,customer_id,full_name,gender,age_group,city,region,registration_date,segment_client
1,1,Mehdi Fassi,Female,35-44,Kénitra,Rabat-Salé-Kénitra,2024-05-25,Bronze
2,2,Amine Fassi,Female,55+,Al Hoceïma,Tanger-Tétouan-Al Hoceïma,2025-05-14,Silver
3,3,Yassine Rifi,Unknown,45-54,Rabat,Rabat-Salé-Kénitra,2025-05-27,Silver
4,4,Hajar El Amrani,Male,35-44,Casablanca,Casablanca-Settat,2025-01-25,Silver
5,5,Mehdi Alaoui,Female,18-24,Fès,Fès-Meknès,2024-10-12,Bronze
6,6,Omar Tahiri,Male,35-44,Tanger,Tanger-Tétouan-Al Hoceïma,2025-02-16,Gold
7,7,Nadia Alaoui,Female,25-34,Marrakech,Marrakech-Safi,2024-12-08,Gold
8,8,Karim Ziani,Female,18-24,Tétouan,Tanger-Tétouan-Al Hoceïma,2025-02-06,Silver
9,9,Nadia El Amrani,Female,35-44,Casablanca,Casablanca-Settat,2025-07-30,Gold
10,10,Karim Rifi,Female,25-34,Marrakech,Marrakech-Safi,2025-01-17,Bronze
11,11,Omar Alaoui,Female,25-34,Marrakech,Marrakech-Safi,2024-09-22,Gold
12,12,Salma Bennani,Male,45-54,Tétouan,Tanger-Tétouan-Al Hoceïma,2024-05-25,Silver
13,13,Imane Alaoui,Female,35-44,Tanger,Tanger-Tétouan-Al Hoceïma,2025-10-14,Gold
14,14,Sara Berrada,Female,45-54,Tanger,Tanger-Tétouan-Al Hoceïma,2024-12-02,Bronze
15,15,Yassine Tazi,Female,55+,Agadir,Souss-Massa,2026-03-02,Gold
16,16,Amine Tazi,Female,45-54,Rabat,Rabat-Salé-Kénitra,2026-03-24,Gold
17,17,Yassine Tahiri,Unknown,55+,Unknown,Marrakech-Safi,2024-08-14,Silver
18,18,Nadia Ziani,Male,18-24,Tétouan,Tanger-Tétouan-Al Hoceïma,2024-03-16,Gold
19,19,Mehdi Mansouri,Male,18-24,Al Hoceïma,Tanger-Tétouan-Al Hoceïma,2024-05-02,Bronze
20,20,Hajar Fassi,Unknown,35-44,Casablanca,Casablanca-Settat,2024-03-08,Gold
21,21,Mehdi Bennani,Female,45-54,Tanger,Tanger-Tétouan-Al Hoceïma,2024-08-15,Gold
22,22,Nadia El Amrani,Female,45-54,Marrakech,Marrakech-Safi,2024-07-24,Gold
23,23,Nadia Alaoui,Male,55+,Casablanca,Casablanca-Settat,2025-06-16,Bronze
24,24,Mehdi Fassi,Unknown,25-34,Tanger,Tanger-Tétouan-Al Hoceïma,2026-02-24,Silver
25,25,Sara Tahiri,Male,18-24,Al Hoceïma,Tanger-Tétouan-Al Hoceïma,2025-05-21,Gold
26,26,Omar Ziani,Female,25-34,Rabat,Rabat-Salé-Kénitra,2025-05-16,Gold
27,27,Yassine Ziani,Unknown,25-34,Meknès,Fès-Meknès,2024-09-14,Gold
28,28,Omar Mansouri,Male,35-44,Casablanca,Casablanca-Settat,2026-03-23,Gold
29,29,Karim Bennani,Unknown,55+,Fès,Fès-Meknès,2025-07-15,Gold
30,30,Amine Fassi,Female,25-34,Casablanca,Casablanca-Settat,2025-01-02,Gold
31,31,Sara Tazi,Female,18-24,Casablanca,Casablanca-Settat,2024-10-23,Gold
32,32,Yassine Rifi,Unknown,45-54,Fès,Fès-Meknès,2025-10-30,Gold
33,33,Nadia Alaoui,Female,18-24,Rabat,Rabat-Salé-Kénitra,2025-07-28,Gold
34,34,Imane Mansouri,Unknown,18-24,Marrakech,Marrakech-Safi,2024-06-01,Silver
35,35,Hajar Tahiri,Unknown,55+,Tanger,Tanger-Tétouan-Al Hoceïma,2025-09-14,Gold
36,36,Mehdi Mansouri,Unknown,18-24,Oujda,Oriental,2025-11-05,Silver
37,37,Yassine Tahiri,Unknown,55+,Rabat,Rabat-Salé-Kénitra,2024-12-17,Silver
38,38,Amine Bennani,Unknown,45-54,Casablanca,Casablanca-Settat,2025-04-02,Gold
39,39,Salma Tazi,Female,35-44,Tanger,Tanger-Tétouan-Al Hoceïma,2024-02-15,Bronze
40,40,Imane Rifi,Unknown,35-44,Tanger,Tanger-Tétouan-Al Hoceïma,2025-09-21,Gold
41,41,Nadia Bennani,Female,55+,Tétouan,Tanger-Tétouan-Al Hoceïma,2024-01-22,Gold
42,42,Imane Berrada,Male,55+,Oujda,Oriental,2025-06-11,Silver
43,43,Nadia El Amrani,Male,35-44,Casablanca,Casablanca-Settat,2024-01-12,Gold
44,44,Salma Tazi,Male,55+,Casablanca,Casablanca-Settat,2024-09-12,Silver
45,45,Hajar Fassi,Male,45-54,Agadir,Souss-Massa,2024-08-06,Gold
46,46,Mehdi Alaoui,Male,45-54,Agadir,Souss-Massa,2025-11-06,Bronze
47,47,Omar Alaoui,Male,25-34,Oujda,Oriental,2024-10-14,Gold
48,48,Mehdi Bennani,Male,25-34,Rabat,Rabat-Salé-Kénitra,2025-04-01,Gold
49,49,Salma El Amrani,Male,35-44,Tétouan,Tanger-Tétouan-Al Hoceïma,2024-09-16,Silver
50,50,Sara El Amrani,Male,45-54,Agadir,Souss-Massa,2026-02-15,Gold
51,51,Yassine Tahiri,Female,45-54,Rabat,Rabat-Salé-Kénitra,2025-01-19,Gold
52,52,Yassine Tahiri,Male,25-34,Rabat,Rabat-Salé-Kénitra,2026-03-01,Gold
53,53,Salma Ziani,Male,18-24,Marrakech,Marrakech-Safi,2024-10-01,Gold
54,54,Salma Alaoui,Unknown,55+,Tanger,Tanger-Tétouan-Al Hoceïma,2026-02-20,Gold
55,55,Mehdi Bennani,Male,45-54,Fès,Fès-Meknès,2025-10-18,Silver
56,56,Yassine Mansouri,Male,55+,Fès,Fès-Meknès,2026-04-29,Gold
57,57,Nadia Fassi,Female,18-24,Oujda,Oriental,2025-03-04,Gold
58,58,Amine Mansouri,Female,45-54,Casablanca,Casablanca-Settat,2025-03-19,Gold
59,59,Imane Ziani,Female,45-54,Marrakech,Marrakech-Safi,2025-03-10,Gold
60,60,Omar Berrada,Male,18-24,Tétouan,Tanger-Tétouan-Al Hoceïma,2024-11-30,Gold
61,61,Omar Bennani,Male,35-44,Rabat,Rabat-Salé-Kénitra,2024-05-31,Gold
62,62,Sara Mansouri,Female,45-54,Tétouan,Tanger-Tétouan-Al Hoceïma,2024-11-02,Silver
63,63,Salma Tazi,Male,18-24,Marrakech,Marrakech-Safi,2025-09-01,Gold
64,64,Sara Ziani,Male,35-44,Oujda,Oriental,2025-08-09,Gold
65,65,Yassine Bennani,Female,25-34,Tanger,Tanger-Tétouan-Al Hoceïma,2024-03-16,Gold
66,66,Karim Berrada,Male,55+,Kénitra,Rabat-Salé-Kénitra,2026-03-14,Gold
67,67,Imane Fassi,Male,45-54,Al Hoceïma,Tanger-Tétouan-Al Hoceïma,2025-02-03,Gold
68,68,Amine Bennani,Male,25-34,Unknown,Tanger-Tétouan-Al Hoceïma,2025-02-01,Gold
69,69,Yassine Berrada,Male,35-44,Casablanca,Casablanca-Settat,2024-09-12,Silver
70,70,Nadia Tahiri,Female,45-54,Meknès,Fès-Meknès,2025-03-29,Gold
71,71,Mehdi Alaoui,Male,35-44,Unknown,Casablanca-Settat,2026-01-22,Gold
72,72,Amine Tazi,Unknown,25-34,Oujda,Oriental,2025-03-14,Silver
73,73,Hajar Fassi,Female,55+,Fès,Fès-Meknès,2025-07-11,Bronze
74,74,Imane Rifi,Male,45-54,Casablanca,Casablanca-Settat,2024-03-23,Bronze
75,75,Imane Tazi,Male,55+,Fès,Fès-Meknès,2026-05-06,Silver
76,76,Mehdi Berrada,Male,55+,Nador,Oriental,2025-11-09,Silver
77,77,Nadia Berrada,Female,25-34,Casablanca,Casablanca-Settat,2026-04-14,Bronze
78,78,Salma Tahiri,Unknown,25-34,Tanger,Tanger-Tétouan-Al Hoceïma,2024-04-16,Silver
79,79,Sara Alaoui,Female,55+,Unknown,Souss-Massa,2025-09-17,Gold
80,80,Omar Alaoui,Unknown,45-54,Fès,Fès-Meknès,2024-09-08,Gold
81,81,Hajar Mansouri,Male,55+,Rabat,Rabat-Salé-Kénitra,2024-12-29,Gold
82,82,Yassine Tahiri,Male,25-34,Oujda,Oriental,2025-09-24,Bronze
83,83,Karim Alaoui,Male,35-44,Tanger,Tanger-Tétouan-Al Hoceïma,2025-12-19,Silver
84,84,Nadia Mansouri,Female,35-44,Tétouan,Tanger-Tétouan-Al Hoceïma,2024-08-24,Gold
85,85,Amine Tahiri,Unknown,18-24,Al Hoceïma,Tanger-Tétouan-Al Hoceïma,2025-02-21,Gold
86,86,Mehdi Ziani,Unknown,35-44,Rabat,Rabat-Salé-Kénitra,2025-09-18,Gold
87,87,Karim Rifi,Male,25-34,Tanger,Tanger-Tétouan-Al Hoceïma,2025-06-27,Gold
88,88,Nadia El Amrani,Male,25-34,Marrakech,Marrakech-Safi,2026-01-28,Bronze
89,89,Omar El Amrani,Male,55+,Fès,Fès-Meknès,2025-10-25,Gold
90,90,Imane Bennani,Male,45-54,Meknès,Fès-Meknès,2025-05-22,Gold
91,91,Sara Mansouri,Male,55+,Al Hoceïma,Tanger-Tétouan-Al Hoceïma,2026-02-20,Gold
92,92,Yassine El Amrani,Female,45-54,Tétouan,Tanger-Tétouan-Al Hoceïma,2025-05-02,Bronze
93,93,Omar Bennani,Male,35-44,Kénitra,Rabat-Salé-Kénitra,2025-09-25,Gold
94,94,Yassine Fassi,Female,45-54,Rabat,Rabat-Salé-Kénitra,2024-10-28,Bronze
95,95,Nadia Bennani,Female,25-34,Casablanca,Casablanca-Settat,2026-03-22,Gold
96,96,Yassine Fassi,Female,25-34,Tétouan,Tanger-Tétouan-Al Hoceïma,2024-11-14,Gold
97,97,Nadia Bennani,Male,18-24,Casablanca,Casablanca-Settat,2025-01-17,Gold
98,98,Mehdi Bennani,Male,35-44,Rabat,Rabat-Salé-Kénitra,2025-01-23,Gold
99,99,Amine Berrada,Male,55+,Rabat,Rabat-Salé-Kénitra,2024-02-27,Silver
100,100,Amine Alaoui,Female,35-44,Casablanca,Casablanca-Settat,2024-05-11,Silver
101,101,Yassine Rifi,Male,18-24,Casablanca,Casablanca-Settat,2024-08-21,Gold
102,102,Karim Bennani,Female,18-24,Al Hoceïma,Tanger-Tétouan-Al Hoceïma,2025-10-07,Silver
103,103,Sara Alaoui,Female,25-34,Rabat,Rabat-Salé-Kénitra,2025-11-03,Gold
104,104,Imane Tahiri,Male,55+,Marrakech,Marrakech-Safi,2024-12-22,Bronze
105,105,Hajar Rifi,Female,55+,Casablanca,Casablanca-Settat,2025-11-03,Silver
106,106,Salma Mansouri,Female,55+,Al Hoceïma,Tanger-Tétouan-Al Hoceïma,2025-01-14,Gold
107,107,Karim Bennani,Male,35-44,Kénitra,Rabat-Salé-Kénitra,2024-05-04,Silver
108,108,Salma Rifi,Male,25-34,Oujda,Oriental,2025-08-14,Bronze
109,109,Amine Bennani,Male,45-54,Marrakech,Marrakech-Safi,2025-06-13,Gold
110,110,Salma Tahiri,Male,35-44,Agadir,Souss-Massa,2024-09-03,Silver
111,111,Sara Tazi,Female,35-44,Rabat,Rabat-Salé-Kénitra,2024-02-07,Silver
112,112,Yassine El Amrani,Male,18-24,Kénitra,Rabat-Salé-Kénitra,2025-03-18,Gold
113,113,Nadia Alaoui,Female,45-54,Casablanca,Casablanca-Settat,2025-11-05,Gold
114,114,Sara Berrada,Male,35-44,Casablanca,Casablanca-Settat,2026-02-27,Gold
115,115,Imane Tahiri,Unknown,55+,Fès,Fès-Meknès,2024-10-11,Silver
116,116,Amine Tazi,Female,25-34,Fès,Fès-Meknès,2024-10-19,Bronze
117,117,Yassine Mansouri,Female,45-54,Tanger,Tanger-Tétouan-Al Hoceïma,2026-03-29,Gold
118,118,Salma Berrada,Male,45-54,Unknown,Marrakech-Safi,2024-06-27,Gold
119,119,Karim Bennani,Female,18-24,Fès,Fès-Meknès,2025-08-24,Gold
120,120,Imane El Amrani,Female,45-54,Oujda,Oriental,2024-01-13,Bronze
121,121,Sara Fassi,Male,55+,Tanger,Tanger-Tétouan-Al Hoceïma,2025-02-15,Gold
122,122,Imane Tazi,Female,55+,Casablanca,Casablanca-Settat,2026-02-06,Gold
123,123,Nadia Bennani,Female,45-54,Tanger,Tanger-Tétouan-Al Hoceïma,2025-03-19,Silver
124,124,Salma Tahiri,Male,45-54,Meknès,Fès-Meknès,2025-09-08,Bronze
125,125,Hajar Fassi,Female,55+,Al Hoceïma,Tanger-Tétouan-Al Hoceïma,2025-02-09,Bronze
126,126,Amine Rifi,Male,45-54,Tanger,Tanger-Tétouan-Al Hoceïma,2025-10-08,Bronze
127,127,Omar Alaoui,Female,18-24,Casablanca,Casablanca-Settat,2025-04-24,Silver
128,128,Omar Mansouri,Female,25-34,Tanger,Tanger-Tétouan-Al Hoceïma,2026-02-19,Silver
129,129,Omar Alaoui,Male,45-54,Casablanca,Casablanca-Settat,2024-09-08,Gold
130,130,Yassine El Amrani,Male,45-54,Casablanca,Casablanca-Settat,2025-06-15,Gold
131,131,Nadia Tahiri,Unknown,55+,Casablanca,Casablanca-Settat,2025-07-10,Gold
132,132,Imane El Amrani,Male,25-34,Marrakech,Marrakech-Safi,2025-07-29,Gold
133,133,Yassine El Amrani,Female,45-54,Marrakech,Marrakech-Safi,2024-11-07,Bronze
134,134,Yassine El Amrani,Male,45-54,Tétouan,Tanger-Tétouan-Al Hoceïma,2025-09-30,Silver
135,135,Imane Fassi,Male,18-24,Tétouan,Tanger-Tétouan-Al Hoceïma,2024-02-10,Gold
136,136,Nadia El Amrani,Female,35-44,Kénitra,Rabat-Salé-Kénitra,2026-09-01,Bronze
137,137,Mehdi Ziani,Male,25-34,Tétouan,Tanger-Tétouan-Al Hoceïma,2025-06-02,Gold
138,138,Omar Tazi,Male,35-44,Tanger,Tanger-Tétouan-Al Hoceïma,2024-02-11,Gold
139,139,Mehdi Alaoui,Male,25-34,Casablanca,Casablanca-Settat,2024-11-01,Gold
140,140,Sara Berrada,Female,45-54,Rabat,Rabat-Salé-Kénitra,2026-03-18,Silver
141,141,Imane Rifi,Male,55+,Kénitra,Rabat-Salé-Kénitra,2024-05-17,Gold
142,142,Karim Fassi,Female,25-34,Rabat,Rabat-Salé-Kénitra,2024-04-27,Silver
143,143,Imane El Amrani,Unknown,18-24,Tétouan,Tanger-Tétouan-Al Hoceïma,2024-10-03,Silver
144,144,Omar Alaoui,Male,55+,Unknown,Casablanca-Settat,2025-09-06,Gold
145,145,Sara Alaoui,Female,55+,Casablanca,Casablanca-Settat,2026-04-04,Gold
146,146,Nadia Tahiri,Male,25-34,Casablanca,Casablanca-Settat,2024-12-03,Silver
147,147,Karim Berrada,Female,35-44,Agadir,Souss-Massa,2025-10-16,Gold
148,148,Mehdi Mansouri,Female,18-24,Casablanca,Casablanca-Settat,2026-01-22,Gold
149,149,Mehdi Tazi,Male,55+,Nador,Oriental,2024-02-02,Gold
150,150,Yassine Fassi,Female,25-34,Marrakech,Marrakech-Safi,2025-06-25,Gold
151,151,Karim Bennani,Male,35-44,Fès,Fès-Meknès,2026-04-24,Gold
152,152,Karim El Amrani,Male,35-44,Rabat,Rabat-Salé-Kénitra,2024-07-30,Gold
153,153,Yassine Tazi,Male,25-34,Tanger,Tanger-Tétouan-Al Hoceïma,2025-05-18,Gold
154,154,Sara Ziani,Male,25-34,Meknès,Fès-Meknès,2025-04-01,Gold
155,155,Hajar Bennani,Male,45-54,Rabat,Rabat-Salé-Kénitra,2026-03-17,Bronze
156,156,Sara Mansouri,Male,18-24,Agadir,Souss-Massa,2026-10-02,Bronze
157,157,Omar Bennani,Female,35-44,Fès,Fès-Meknès,2024-10-19,Silver
158,158,Mehdi Rifi,Female,35-44,Tanger,Tanger-Tétouan-Al Hoceïma,2026-01-03,Gold
159,159,Amine Ziani,Female,55+,Unknown,Fès-Meknès,2026-01-23,Gold
160,160,Sara Tahiri,Female,35-44,Rabat,Rabat-Salé-Kénitra,2025-02-10,Gold
161,161,Salma Fassi,Male,18-24,Marrakech,Marrakech-Safi,2024-06-30,Gold
162,162,Karim Mansouri,Male,55+,Marrakech,Marrakech-Safi,2024-08-06,Gold
163,163,Sara El Amrani,Unknown,35-44,Tanger,Tanger-Tétouan-Al Hoceïma,2025-02-13,Gold
164,164,Salma Alaoui,Female,18-24,Unknown,Fès-Meknès,2024-05-15,Silver
165,165,Nadia Fassi,Male,18-24,Tanger,Tanger-Tétouan-Al Hoceïma,2026-01-13,Bronze
166,166,Nadia Bennani,Female,35-44,Rabat,Rabat-Salé-Kénitra,2026-04-29,Silver
167,167,Omar Ziani,Male,55+,Oujda,Oriental,2024-07-22,Gold
168,168,Mehdi Rifi,Female,25-34,Casablanca,Casablanca-Settat,2025-01-09,Gold
169,169,Sara Fassi,Female,35-44,Fès,Fès-Meknès,2026-02-09,Gold
170,170,Imane Ziani,Female,25-34,Agadir,Souss-Massa,2025-05-08,Gold
171,171,Omar Tahiri,Male,18-24,Rabat,Rabat-Salé-Kénitra,2026-01-20,Silver
172,172,Hajar Mansouri,Male,35-44,Rabat,Rabat-Salé-Kénitra,2026-11-04,Gold
173,173,Nadia Ziani,Female,45-54,Rabat,Rabat-Salé-Kénitra,2025-01-19,Gold
174,174,Yassine Bennani,Unknown,35-44,Tanger,Tanger-Tétouan-Al Hoceïma,2025-11-29,Bronze
175,175,Mehdi Fassi,Male,45-54,Marrakech,Marrakech-Safi,2025-03-28,Gold
176,176,Yassine Berrada,Male,35-44,Fès,Fès-Meknès,2025-02-20,Silver
177,177,Nadia Bennani,Male,55+,Meknès,Fès-Meknès,2024-04-22,Gold
178,178,Omar El Amrani,Male,25-34,Meknès,Fès-Meknès,2024-08-06,Bronze
179,179,Mehdi Fassi,Male,55+,Tanger,Tanger-Tétouan-Al Hoceïma,2025-08-18,Gold
180,180,Hajar Ziani,Male,55+,Casablanca,Casablanca-Settat,2025-01-05,Gold
181,181,Yassine Mansouri,Unknown,45-54,Rabat,Rabat-Salé-Kénitra,2025-01-15,Bronze
182,182,Salma Bennani,Female,55+,Rabat,Rabat-Salé-Kénitra,2025-01-01,Bronze
183,183,Hajar Mansouri,Female,55+,Agadir,Souss-Massa,2024-10-26,Silver
184,184,Hajar Ziani,Male,55+,Casablanca,Casablanca-Settat,2024-04-29,Bronze
185,185,Yassine Rifi,Male,35-44,Tanger,Tanger-Tétouan-Al Hoceïma,2024-04-07,Gold
186,186,Salma Tazi,Unknown,18-24,Al Hoceïma,Tanger-Tétouan-Al Hoceïma,2026-02-23,Gold
187,187,Nadia Alaoui,Male,18-24,Tétouan,Tanger-Tétouan-Al Hoceïma,2025-11-14,Bronze
188,188,Mehdi Mansouri,Unknown,55+,Tanger,Tanger-Tétouan-Al Hoceïma,2024-02-01,Silver
189,189,Hajar Mansouri,Male,35-44,Fès,Fès-Meknès,2025-06-21,Bronze
190,190,Amine Ziani,Female,25-34,Casablanca,Casablanca-Settat,2025-04-25,Gold
191,191,Yassine El Amrani,Female,55+,Tanger,Tanger-Tétouan-Al Hoceïma,2025-05-14,Silver
192,192,Yassine Tahiri,Male,25-34,Kénitra,Rabat-Salé-Kénitra,2025-12-29,Gold
193,193,Amine Berrada,Unknown,18-24,Agadir,Souss-Massa,2025-09-02,Gold
194,194,Omar Alaoui,Unknown,55+,Fès,Fès-Meknès,2025-07-17,Gold
195,195,Karim Tazi,Unknown,55+,Casablanca,Casablanca-Settat,2026-04-02,Silver
196,196,Imane El Amrani,Female,55+,Meknès,Fès-Meknès,2025-10-04,Gold
197,197,Omar Rifi,Male,35-44,Marrakech,Marrakech-Safi,2025-05-26,Silver
198,198,Yassine Alaoui,Male,45-54,Agadir,Souss-Massa,2024-11-18,Gold
199,199,Mehdi Ziani,Female,45-54,Casablanca,Casablanca-Settat,2026-01-04,Gold
200,200,Sara Bennani,Male,18-24,Casablanca,Casablanca-Settat,2024-10-03,Gold
201,201,Salma Fassi,Male,18-24,Fès,Fès-Meknès,2024-03-05,Gold
202,202,Hajar Tahiri,Male,25-34,Tanger,Tanger-Tétouan-Al Hoceïma,2024-02-13,Gold
203,203,Nadia Mansouri,Male,45-54,Tanger,Tanger-Tétouan-Al Hoceïma,2024-07-09,Gold
204,204,Mehdi El Amrani,Female,18-24,Rabat,Rabat-Salé-Kénitra,2025-03-16,Silver
205,205,Sara Berrada,Male,55+,Meknès,Fès-Meknès,2024-02-17,Gold
206,206,Sara Fassi,Female,55+,Casablanca,Casablanca-Settat,2024-08-24,Gold
207,207,Mehdi Tahiri,Female,55+,Tétouan,Tanger-Tétouan-Al Hoceïma,2024-12-05,Bronze
208,208,Yassine El Amrani,Male,45-54,Tanger,Tanger-Tétouan-Al Hoceïma,2024-06-04,Gold
209,209,Imane Rifi,Male,18-24,Rabat,Rabat-Salé-Kénitra,2025-09-16,Gold
210,210,Amine Tahiri,Unknown,35-44,Tanger,Tanger-Tétouan-Al Hoceïma,2025-07-23,Gold
211,211,Karim Fassi,Female,35-44,Fès,Fès-Meknès,2024-04-01,Gold
212,212,Imane Tahiri,Female,55+,Tétouan,Tanger-Tétouan-Al Hoceïma,2024-01-28,Bronze
213,213,Sara Tahiri,Unknown,25-34,Agadir,Souss-Massa,2024-11-06,Gold
214,214,Omar Fassi,Female,55+,Oujda,Oriental,2025-07-11,Gold
215,215,Omar El Amrani,Male,45-54,Tétouan,Tanger-Tétouan-Al Hoceïma,2025-06-18,Silver
216,216,Yassine Mansouri,Male,35-44,Oujda,Oriental,2024-03-03,Gold
217,217,Salma Rifi,Male,35-44,Agadir,Souss-Massa,2024-12-26,Bronze
218,218,Sara Ziani,Male,25-34,Al Hoceïma,Tanger-Tétouan-Al Hoceïma,2025-12-06,Bronze
219,219,Imane Berrada,Male,55+,Tétouan,Tanger-Tétouan-Al Hoceïma,2024-08-09,Silver
220,220,Mehdi Fassi,Male,45-54,Tétouan,Tanger-Tétouan-Al Hoceïma,2024-06-07,Gold
221,221,Imane Fassi,Female,45-54,Fès,Fès-Meknès,2024-10-29,Silver
222,222,Salma Tahiri,Female,18-24,Kénitra,Rabat-Salé-Kénitra,2025-03-20,Silver
223,223,Imane Bennani,Female,45-54,Kénitra,Rabat-Salé-Kénitra,2024-11-13,Gold
224,224,Yassine Tazi,Male,35-44,Fès,Fès-Meknès,2024-07-14,Gold
225,225,Imane Berrada,Male,45-54,Tanger,Tanger-Tétouan-Al Hoceïma,2024-10-31,Gold
226,226,Nadia Bennani,Male,35-44,Casablanca,Casablanca-Settat,2024-09-10,Bronze
227,227,Karim Alaoui,Female,55+,Unknown,Fès-Meknès,2026-01-14,Silver
228,228,Mehdi Berrada,Female,35-44,Fès,Fès-Meknès,2024-06-12,Gold
229,229,Nadia Mansouri,Female,55+,Agadir,Souss-Massa,2024-12-24,Gold
230,230,Hajar Tahiri,Female,35-44,Agadir,Souss-Massa,2024-03-01,Gold
231,231,Mehdi Berrada,Unknown,25-34,Rabat,Rabat-Salé-Kénitra,2025-07-20,Gold
232,232,Salma Alaoui,Female,35-44,Rabat,Rabat-Salé-Kénitra,2024-04-17,Bronze
233,233,Salma Tazi,Male,55+,Meknès,Fès-Meknès,2026-01-03,Gold
234,234,Karim Ziani,Female,55+,Casablanca,Casablanca-Settat,2026-03-16,Gold
235,235,Imane Mansouri,Female,35-44,Rabat,Rabat-Salé-Kénitra,2025-08-17,Gold
236,236,Mehdi Ziani,Male,45-54,Tanger,Tanger-Tétouan-Al Hoceïma,2025-06-06,Silver
237,237,Mehdi Tahiri,Female,55+,Casablanca,Casablanca-Settat,2026-01-22,Silver
238,238,Karim Bennani,Female,45-54,Tétouan,Tanger-Tétouan-Al Hoceïma,2025-05-24,Gold
239,239,Mehdi Berrada,Female,55+,Agadir,Souss-Massa,2025-11-21,Gold
240,240,Salma El Amrani,Female,55+,Rabat,Rabat-Salé-Kénitra,2026-01-14,Gold
241,241,Nadia Tazi,Male,25-34,Rabat,Rabat-Salé-Kénitra,2024-07-02,Gold
242,242,Amine Fassi,Female,35-44,Tanger,Tanger-Tétouan-Al Hoceïma,2026-03-22,Bronze
243,243,Hajar Mansouri,Female,45-54,Casablanca,Casablanca-Settat,2025-09-26,Silver
244,244,Hajar Mansouri,Male,25-34,Tanger,Tanger-Tétouan-Al Hoceïma,2025-05-26,Gold
245,245,Omar Alaoui,Female,35-44,Casablanca,Casablanca-Settat,2024-10-19,Gold
246,246,Omar Mansouri,Female,45-54,Tanger,Tanger-Tétouan-Al Hoceïma,2025-04-05,Gold
247,247,Nadia Mansouri,Male,55+,Tanger,Tanger-Tétouan-Al Hoceïma,2024-02-11,Gold
248,248,Mehdi Ziani,Female,55+,Fès,Fès-Meknès,2024-06-19,Bronze
249,249,Imane Alaoui,Male,35-44,Tétouan,Tanger-Tétouan-Al Hoceïma,2025-01-27,Gold
250,250,Salma Tahiri,Male,45-54,Casablanca,Casablanca-Settat,2026-04-19,Bronze
251,251,Imane Ziani,Male,55+,Casablanca,Casablanca-Settat,2026-01-13,Silver
252,252,Nadia Rifi,Female,45-54,Rabat,Rabat-Salé-Kénitra,2024-10-07,Silver
253,253,Karim Mansouri,Male,18-24,Agadir,Souss-Massa,2025-02-24,Gold
254,254,Karim Tahiri,Male,35-44,Casablanca,Casablanca-Settat,2026-02-24,Silver
255,255,Omar Tahiri,Male,55+,Rabat,Rabat-Salé-Kénitra,2025-01-30,Gold
256,256,Imane Alaoui,Male,45-54,Casablanca,Casablanca-Settat,2026-04-05,Silver
257,257,Karim Rifi,Male,45-54,Tétouan,Tanger-Tétouan-Al Hoceïma,2026-03-15,Gold
258,258,Nadia El Amrani,Unknown,25-34,Unknown,Casablanca-Settat,2024-03-18,Silver
259,259,Nadia Ziani,Male,18-24,Oujda,Oriental,2024-08-01,Silver
260,260,Karim Mansouri,Female,25-34,Unknown,Oriental,2024-03-11,Silver
261,261,Nadia Bennani,Male,18-24,Rabat,Rabat-Salé-Kénitra,2025-05-23,Bronze
262,262,Omar Tazi,Female,55+,Meknès,Fès-Meknès,2025-02-02,Gold
263,263,Mehdi El Amrani,Unknown,18-24,Fès,Fès-Meknès,2024-09-15,Gold
264,264,Salma Tahiri,Male,55+,Unknown,Tanger-Tétouan-Al Hoceïma,2024-03-15,Silver
265,265,Omar Tazi,Male,35-44,Tanger,Tanger-Tétouan-Al Hoceïma,2025-01-12,Gold
266,266,Sara Rifi,Unknown,55+,Oujda,Oriental,2025-08-25,Gold
267,267,Salma Alaoui,Female,55+,Marrakech,Marrakech-Safi,2025-10-21,Gold
268,268,Yassine Rifi,Male,55+,Unknown,Unknown,2025-01-20,Gold
269,269,Imane Mansouri,Female,25-34,Unknown,Casablanca-Settat,2025-03-10,Gold
270,270,Mehdi Berrada,Female,55+,Agadir,Souss-Massa,2025-08-13,Silver
271,271,Sara Tazi,Female,45-54,Agadir,Souss-Massa,2025-05-11,Gold
272,272,Karim Mansouri,Male,55+,Tétouan,Tanger-Tétouan-Al Hoceïma,2025-06-12,Gold
273,273,Nadia El Amrani,Male,35-44,Casablanca,Casablanca-Settat,2026-02-20,Gold
274,274,Karim Tahiri,Male,25-34,Casablanca,Casablanca-Settat,2025-09-06,Bronze
275,275,Mehdi Alaoui,Male,55+,Tanger,Tanger-Tétouan-Al Hoceïma,2025-12-03,Gold
276,276,Omar Berrada,Male,25-34,Agadir,Souss-Massa,2026-01-08,Silver
277,277,Mehdi Alaoui,Male,25-34,Agadir,Souss-Massa,2025-06-15,Gold
278,278,Salma Alaoui,Female,45-54,Oujda,Oriental,2026-04-06,Gold
279,279,Amine Tahiri,Unknown,25-34,Rabat,Rabat-Salé-Kénitra,2025-08-15,Silver
280,280,Hajar Alaoui,Female,55+,Rabat,Rabat-Salé-Kénitra,2026-03-11,Gold
281,281,Salma El Amrani,Female,45-54,Tanger,Tanger-Tétouan-Al Hoceïma,2025-04-06,Silver
282,282,Omar Rifi,Male,55+,Tanger,Tanger-Tétouan-Al Hoceïma,2025-12-25,Gold
283,283,Sara Alaoui,Female,55+,Tanger,Tanger-Tétouan-Al Hoceïma,2025-08-01,Gold
284,284,Sara Tazi,Male,25-34,Casablanca,Casablanca-Settat,2024-08-10,Gold
285,285,Yassine Alaoui,Female,45-54,Kénitra,Rabat-Salé-Kénitra,2026-03-03,Gold
286,286,Imane Rifi,Male,55+,Marrakech,Marrakech-Safi,2025-03-06,Bronze
287,287,Nadia Rifi,Male,18-24,Oujda,Oriental,2024-11-08,Gold
288,288,Salma Mansouri,Unknown,18-24,Marrakech,Marrakech-Safi,2024-09-27,Gold
289,289,Karim Fassi,Male,55+,Meknès,Fès-Meknès,2025-03-13,Gold
290,290,Imane Tazi,Female,25-34,Marrakech,Marrakech-Safi,2025-12-06,Silver
291,291,Sara Ziani,Female,35-44,Casablanca,Casablanca-Settat,2025-06-01,Bronze
292,292,Mehdi Mansouri,Male,55+,Tétouan,Tanger-Tétouan-Al Hoceïma,2025-08-29,Silver
293,293,Amine Tazi,Unknown,25-34,Agadir,Souss-Massa,2026-05-13,Gold
294,294,Yassine Ziani,Female,55+,Unknown,Rabat-Salé-Kénitra,2025-11-11,Gold
295,295,Yassine Berrada,Male,25-34,Tanger,Tanger-Tétouan-Al Hoceïma,2024-04-25,Bronze
296,296,Nadia Berrada,Male,55+,Tanger,Tanger-Tétouan-Al Hoceïma,2025-01-26,Gold
297,297,Mehdi Mansouri,Male,55+,Agadir,Souss-Massa,2025-11-17,Bronze
298,298,Nadia Bennani,Female,35-44,Tanger,Tanger-Tétouan-Al Hoceïma,2024-06-24,Gold
299,299,Nadia Tahiri,Unknown,35-44,Oujda,Oriental,2024-10-05,Gold
300,300,Amine Rifi,Female,55+,Fès,Fès-Meknès,2025-12-12,Gold
301,301,Karim Alaoui,Male,55+,Al Hoceïma,Tanger-Tétouan-Al Hoceïma,2026-05-09,Gold
302,302,Sara Bennani,Male,25-34,Tanger,Tanger-Tétouan-Al Hoceïma,2024-04-12,Gold
303,303,Karim Fassi,Male,35-44,Meknès,Fès-Meknès,2025-05-08,Gold
304,304,Salma Fassi,Male,55+,Marrakech,Marrakech-Safi,2026-05-14,Gold
305,305,Nadia Berrada,Female,35-44,Tanger,Tanger-Tétouan-Al Hoceïma,2026-01-23,Gold
306,306,Sara Tahiri,Male,25-34,Casablanca,Casablanca-Settat,2024-06-04,Gold
307,307,Yassine Ziani,Unknown,18-24,Tanger,Tanger-Tétouan-Al Hoceïma,2025-10-03,Gold
308,308,Nadia Alaoui,Male,55+,Rabat,Rabat-Salé-Kénitra,2024-09-14,Gold
309,309,Amine Alaoui,Unknown,55+,Al Hoceïma,Tanger-Tétouan-Al Hoceïma,2025-01-27,Gold
310,310,Yassine El Amrani,Unknown,35-44,Fès,Fès-Meknès,2024-11-04,Bronze
311,311,Sara Berrada,Female,35-44,Rabat,Rabat-Salé-Kénitra,2025-10-15,Gold
312,312,Omar Bennani,Male,35-44,Agadir,Souss-Massa,2026-02-07,Gold
313,313,Sara Bennani,Male,45-54,Kénitra,Rabat-Salé-Kénitra,2026-01-29,Silver
314,314,Yassine Tahiri,Male,45-54,Agadir,Souss-Massa,2024-01-29,Silver
315,315,Yassine Rifi,Unknown,35-44,Casablanca,Casablanca-Settat,2026-03-17,Gold
316,316,Yassine Rifi,Male,25-34,Kénitra,Rabat-Salé-Kénitra,2024-02-05,Gold
317,317,Imane Tazi,Male,55+,Al Hoceïma,Tanger-Tétouan-Al Hoceïma,2025-01-03,Gold
318,318,Hajar Mansouri,Female,35-44,Casablanca,Casablanca-Settat,2026-01-04,Bronze
319,319,Amine El Amrani,Female,55+,Al Hoceïma,Tanger-Tétouan-Al Hoceïma,2026-05-11,Gold
320,320,Sara Ziani,Unknown,35-44,Oujda,Oriental,2024-07-12,Gold
321,321,Hajar Alaoui,Male,35-44,Nador,Oriental,2024-06-24,Gold
322,322,Imane Ziani,Male,45-54,Tanger,Tanger-Tétouan-Al Hoceïma,2024-02-05,Gold
323,323,Amine Alaoui,Female,18-24,Tanger,Tanger-Tétouan-Al Hoceïma,2024-09-17,Gold
324,324,Sara Tazi,Male,55+,Al Hoceïma,Tanger-Tétouan-Al Hoceïma,2025-02-03,Gold
325,325,Amine Mansouri,Female,55+,Casablanca,Casablanca-Settat,2025-01-20,Gold
326,326,Nadia Rifi,Male,25-34,Tanger,Tanger-Tétouan-Al Hoceïma,2026-04-23,Bronze
327,327,Hajar Rifi,Female,25-34,Tanger,Tanger-Tétouan-Al Hoceïma,2025-10-27,Gold
328,328,Nadia Mansouri,Female,55+,Unknown,Tanger-Tétouan-Al Hoceïma,2026-03-02,Gold
329,329,Hajar Fassi,Female,55+,Tanger,Tanger-Tétouan-Al Hoceïma,2025-08-01,Gold
330,330,Karim El Amrani,Unknown,45-54,Kénitra,Rabat-Salé-Kénitra,2024-04-10,Silver
331,331,Sara Mansouri,Male,25-34,Casablanca,Casablanca-Settat,2026-02-18,Gold
332,332,Hajar Ziani,Male,55+,Tétouan,Tanger-Tétouan-Al Hoceïma,2024-03-13,Gold
333,333,Mehdi Berrada,Unknown,55+,Tanger,Tanger-Tétouan-Al Hoceïma,2024-05-14,Gold
334,334,Nadia Bennani,Male,55+,Tanger,Tanger-Tétouan-Al Hoceïma,2024-12-06,Gold
335,335,Amine Berrada,Male,25-34,Casablanca,Casablanca-Settat,2024-10-14,Gold
336,336,Sara Berrada,Female,18-24,Marrakech,Marrakech-Safi,2025-04-21,Gold
337,337,Nadia Mansouri,Female,45-54,Tanger,Tanger-Tétouan-Al Hoceïma,2025-04-24,Gold
338,338,Sara Rifi,Female,35-44,Tétouan,Tanger-Tétouan-Al Hoceïma,2025-07-24,Gold
339,339,Mehdi Bennani,Male,18-24,Tanger,Tanger-Tétouan-Al Hoceïma,2026-01-12,Gold
340,340,Nadia Fassi,Male,25-34,Rabat,Rabat-Salé-Kénitra,2026-04-18,Gold
341,341,Yassine Tazi,Male,45-54,Rabat,Rabat-Salé-Kénitra,2025-11-21,Gold
342,342,Imane Tazi,Female,25-34,Casablanca,Casablanca-Settat,2024-11-20,Silver
343,343,Mehdi Tahiri,Male,55+,Casablanca,Casablanca-Settat,2026-05-13,Gold
344,344,Sara Rifi,Female,55+,Tanger,Tanger-Tétouan-Al Hoceïma,2024-11-17,Silver
345,345,Imane Bennani,Female,45-54,Casablanca,Casablanca-Settat,2025-01-20,Silver
346,346,Sara Mansouri,Male,45-54,Casablanca,Casablanca-Settat,2026-01-20,Bronze
347,347,Sara Tazi,Female,55+,Rabat,Rabat-Salé-Kénitra,2025-12-08,Silver
348,348,Nadia Berrada,Female,45-54,Agadir,Souss-Massa,2025-07-25,Gold
349,349,Mehdi Tahiri,Female,55+,Marrakech,Marrakech-Safi,2025-11-07,Gold
350,350,Sara Bennani,Male,35-44,Tanger,Tanger-Tétouan-Al Hoceïma,2024-06-12,Gold
351,351,Nadia Berrada,Male,35-44,Agadir,Souss-Massa,2025-12-16,Gold
352,352,Amine Tazi,Unknown,35-44,Tétouan,Tanger-Tétouan-Al Hoceïma,2024-01-02,Gold
353,353,Sara El Amrani,Male,45-54,Tétouan,Tanger-Tétouan-Al Hoceïma,2026-02-02,Bronze
354,354,Mehdi Tazi,Unknown,55+,Casablanca,Casablanca-Settat,2026-03-16,Bronze
355,355,Omar Berrada,Female,18-24,Kénitra,Rabat-Salé-Kénitra,2025-09-06,Gold
356,356,Hajar El Amrani,Female,25-34,Casablanca,Casablanca-Settat,2024-04-28,Gold
357,357,Salma Berrada,Female,55+,Tanger,Tanger-Tétouan-Al Hoceïma,2024-09-25,Silver
358,358,Imane Tahiri,Male,55+,Al Hoceïma,Tanger-Tétouan-Al Hoceïma,2025-12-31,Gold
359,359,Omar Berrada,Male,25-34,Kénitra,Rabat-Salé-Kénitra,2024-12-27,Bronze
360,360,Salma Tahiri,Male,35-44,Kénitra,Rabat-Salé-Kénitra,2024-03-14,Silver
361,361,Mehdi Rifi,Unknown,45-54,Rabat,Rabat-Salé-Kénitra,2026-03-28,Gold
362,362,Yassine Rifi,Female,18-24,Kénitra,Rabat-Salé-Kénitra,2025-10-26,Gold
363,363,Omar Fassi,Unknown,55+,Casablanca,Casablanca-Settat,2025-08-24,Bronze
364,364,Yassine Berrada,Male,25-34,Unknown,Fès-Meknès,2026-04-04,Gold
365,365,Salma Alaoui,Male,25-34,Al Hoceïma,Tanger-Tétouan-Al Hoceïma,2025-07-21,Gold
366,366,Omar Tazi,Unknown,18-24,Marrakech,Marrakech-Safi,2025-07-11,Bronze
367,367,Hajar Bennani,Male,18-24,Agadir,Souss-Massa,2024-01-19,Gold
368,368,Salma Mansouri,Unknown,25-34,Tanger,Tanger-Tétouan-Al Hoceïma,2025-06-24,Gold
369,369,Salma Fassi,Male,55+,Nador,Oriental,2025-02-07,Gold
370,370,Omar Alaoui,Male,45-54,Al Hoceïma,Tanger-Tétouan-Al Hoceïma,2025-02-12,Gold
371,371,Nadia Tahiri,Female,55+,Meknès,Fès-Meknès,2024-03-10,Gold
372,372,Mehdi Tahiri,Female,45-54,Casablanca,Casablanca-Settat,2026-02-22,Gold
373,373,Omar Tahiri,Male,55+,Al Hoceïma,Tanger-Tétouan-Al Hoceïma,2025-02-02,Silver
374,374,Imane El Amrani,Male,55+,Casablanca,Casablanca-Settat,2024-05-19,Gold
375,375,Hajar Tahiri,Female,35-44,Casablanca,Casablanca-Settat,2024-02-11,Silver
376,376,Salma Alaoui,Female,25-34,Marrakech,Marrakech-Safi,2025-12-02,Gold
377,377,Omar Bennani,Male,18-24,Agadir,Souss-Massa,2024-10-27,Gold
378,378,Mehdi Alaoui,Female,35-44,Oujda,Oriental,2026-04-05,Silver
379,379,Sara Tazi,Male,35-44,Casablanca,Casablanca-Settat,2024-11-10,Gold
380,380,Mehdi Ziani,Female,35-44,Casablanca,Casablanca-Settat,2025-01-18,Gold
381,381,Omar Tazi,Male,35-44,Tanger,Tanger-Tétouan-Al Hoceïma,2024-05-21,Silver
382,382,Omar Bennani,Male,35-44,Rabat,Rabat-Salé-Kénitra,2024-08-08,Silver
383,383,Karim Tazi,Male,55+,Tanger,Tanger-Tétouan-Al Hoceïma,2024-08-24,Bronze
384,384,Sara Tazi,Male,25-34,Tanger,Tanger-Tétouan-Al Hoceïma,2024-05-09,Silver
385,385,Amine Fassi,Male,55+,Rabat,Rabat-Salé-Kénitra,2025-04-22,Gold
386,386,Salma Berrada,Male,25-34,Tanger,Tanger-Tétouan-Al Hoceïma,2026-01-13,Gold
387,387,Omar El Amrani,Female,55+,Marrakech,Marrakech-Safi,2026-03-14,Gold
388,388,Mehdi Alaoui,Male,18-24,Tanger,Tanger-Tétouan-Al Hoceïma,2026-01-12,Gold
389,389,Imane Tahiri,Female,25-34,Tétouan,Tanger-Tétouan-Al Hoceïma,2024-07-23,Gold
390,390,Salma Bennani,Male,55+,Tanger,Tanger-Tétouan-Al Hoceïma,2024-04-25,Gold
391,391,Omar Rifi,Male,55+,Al Hoceïma,Tanger-Tétouan-Al Hoceïma,2024-10-26,Gold
392,392,Salma Fassi,Female,18-24,Casablanca,Casablanca-Settat,2025-01-07,Gold
393,393,Yassine Ziani,Unknown,25-34,Fès,Fès-Meknès,2026-01-13,Gold
394,394,Yassine Berrada,Female,45-54,Rabat,Rabat-Salé-Kénitra,2024-04-04,Gold
395,395,Hajar Bennani,Male,25-34,Kénitra,Rabat-Salé-Kénitra,2024-02-12,Silver
396,396,Hajar Berrada,Male,45-54,Casablanca,Casablanca-Settat,2024-06-30,Gold
397,397,Karim Berrada,Female,35-44,Tanger,Tanger-Tétouan-Al Hoceïma,2026-01-15,Gold
398,398,Salma Mansouri,Female,55+,Kénitra,Rabat-Salé-Kénitra,2024-12-28,Gold
399,399,Salma El Amrani,Male,35-44,Tanger,Tanger-Tétouan-Al Hoceïma,2025-09-18,Bronze
400,400,Yassine Alaoui,Female,18-24,Casablanca,Casablanca-Settat,2024-04-30,Silver
401,401,Hajar Tazi,Male,25-34,Rabat,Rabat-Salé-Kénitra,2024-09-13,Bronze
402,402,Omar Ziani,Male,55+,Marrakech,Marrakech-Safi,2024-01-28,Gold
403,403,Mehdi Fassi,Female,25-34,Rabat,Rabat-Salé-Kénitra,2025-06-21,Gold
404,404,Nadia Rifi,Unknown,25-34,Casablanca,Casablanca-Settat,2025-02-15,Silver
405,405,Imane Rifi,Male,35-44,Marrakech,Marrakech-Safi,2024-04-18,Gold
406,406,Karim Berrada,Male,55+,Rabat,Rabat-Salé-Kénitra,2026-05-06,Silver
407,407,Yassine Mansouri,Male,45-54,Casablanca,Casablanca-Settat,2024-05-12,Bronze
408,408,Imane El Amrani,Female,55+,Tanger,Tanger-Tétouan-Al Hoceïma,2024-02-15,Gold
409,409,Mehdi Fassi,Unknown,18-24,Meknès,Fès-Meknès,2024-02-04,Silver
410,410,Karim Tahiri,Female,55+,Fès,Fès-Meknès,2025-05-21,Silver
411,411,Nadia Fassi,Male,55+,Al Hoceïma,Tanger-Tétouan-Al Hoceïma,2024-03-18,Bronze
412,412,Hajar Fassi,Female,55+,Tétouan,Tanger-Tétouan-Al Hoceïma,2024-11-24,Silver
413,413,Hajar Mansouri,Female,25-34,Rabat,Rabat-Salé-Kénitra,2024-03-14,Gold
414,414,Hajar Tahiri,Male,35-44,Al Hoceïma,Tanger-Tétouan-Al Hoceïma,2024-01-08,Gold
415,415,Sara Bennani,Male,18-24,Rabat,Rabat-Salé-Kénitra,2025-06-12,Gold
416,416,Karim Fassi,Male,18-24,Rabat,Rabat-Salé-Kénitra,2024-03-10,Gold
417,417,Nadia Ziani,Male,25-34,Oujda,Oriental,2024-07-12,Gold
418,418,Hajar Bennani,Female,25-34,Rabat,Rabat-Salé-Kénitra,2025-12-19,Silver
419,419,Sara Berrada,Male,25-34,Rabat,Rabat-Salé-Kénitra,2024-04-05,Gold
420,420,Sara Ziani,Female,25-34,Meknès,Fès-Meknès,2024-12-11,Silver
421,421,Karim Mansouri,Male,25-34,Tétouan,Tanger-Tétouan-Al Hoceïma,2024-08-26,Gold
422,422,Imane Bennani,Unknown,25-34,Tétouan,Tanger-Tétouan-Al Hoceïma,2024-12-23,Silver
423,423,Imane Tazi,Male,18-24,Agadir,Souss-Massa,2025-11-24,Gold
424,424,Amine Ziani,Male,25-34,Agadir,Souss-Massa,2025-02-01,Silver
425,425,Nadia Berrada,Male,25-34,Oujda,Oriental,2024-12-21,Gold
426,426,Omar Ziani,Female,55+,Rabat,Rabat-Salé-Kénitra,2026-04-23,Gold
427,427,Hajar Tahiri,Female,45-54,Tanger,Tanger-Tétouan-Al Hoceïma,2026-01-08,Gold
428,428,Karim Tazi,Male,55+,Agadir,Souss-Massa,2024-10-21,Bronze
429,429,Imane Bennani,Female,18-24,Kénitra,Rabat-Salé-Kénitra,2024-01-16,Gold
430,430,Karim Tazi,Female,45-54,Rabat,Rabat-Salé-Kénitra,2025-07-23,Gold
431,431,Nadia Berrada,Male,35-44,Tanger,Tanger-Tétouan-Al Hoceïma,2025-10-18,Gold
432,432,Mehdi El Amrani,Male,18-24,Al Hoceïma,Tanger-Tétouan-Al Hoceïma,2024-06-06,Silver
433,433,Sara Tahiri,Female,18-24,Casablanca,Casablanca-Settat,2024-10-04,Gold
434,434,Salma Tazi,Female,25-34,Casablanca,Casablanca-Settat,2025-05-29,Gold
435,435,Nadia Mansouri,Unknown,55+,Marrakech,Marrakech-Safi,2024-03-31,Bronze
436,436,Nadia Tazi,Unknown,35-44,Casablanca,Casablanca-Settat,2024-07-28,Silver
437,437,Mehdi Rifi,Female,45-54,Tanger,Tanger-Tétouan-Al Hoceïma,2026-01-09,Gold
438,438,Salma Alaoui,Unknown,55+,Marrakech,Marrakech-Safi,2025-06-13,Gold
439,439,Amine Ziani,Male,45-54,Rabat,Rabat-Salé-Kénitra,2024-06-01,Gold
440,440,Imane Tazi,Female,55+,Casablanca,Casablanca-Settat,2024-03-23,Silver
441,441,Hajar Fassi,Unknown,55+,Marrakech,Marrakech-Safi,2024-12-31,Gold
442,442,Mehdi Alaoui,Female,45-54,Rabat,Rabat-Salé-Kénitra,2026-03-14,Gold
443,443,Salma Tahiri,Unknown,25-34,Tanger,Tanger-Tétouan-Al Hoceïma,2024-02-29,Bronze
444,444,Karim Rifi,Female,18-24,Agadir,Souss-Massa,2026-01-01,Silver
445,445,Karim Mansouri,Unknown,45-54,Unknown,Marrakech-Safi,2025-03-12,Gold
446,446,Sara El Amrani,Male,55+,Tanger,Tanger-Tétouan-Al Hoceïma,2024-01-06,Silver
447,447,Salma Ziani,Female,35-44,Casablanca,Casablanca-Settat,2025-05-09,Gold
448,448,Yassine Berrada,Male,25-34,Casablanca,Casablanca-Settat,2024-06-22,Gold
449,449,Karim Tazi,Female,55+,Tanger,Tanger-Tétouan-Al Hoceïma,2024-04-17,Gold
450,450,Salma Alaoui,Female,18-24,Marrakech,Marrakech-Safi,2025-06-22,Bronze
451,451,Imane Tazi,Unknown,45-54,Tanger,Tanger-Tétouan-Al Hoceïma,2025-01-05,Silver
452,452,Hajar Rifi,Female,55+,Tanger,Tanger-Tétouan-Al Hoceïma,2025-05-14,Gold
453,453,Yassine Bennani,Female,55+,Agadir,Souss-Massa,2025-04-08,Gold
454,454,Amine Fassi,Female,55+,Marrakech,Marrakech-Safi,2024-07-18,Gold
455,455,Imane Fassi,Unknown,45-54,Unknown,Oriental,2024-01-14,Gold
456,456,Karim Tazi,Male,45-54,Tanger,Tanger-Tétouan-Al Hoceïma,2025-04-06,Gold
457,457,Nadia El Amrani,Male,45-54,Kénitra,Rabat-Salé-Kénitra,2025-01-21,Silver
458,458,Omar Mansouri,Male,45-54,Unknown,Casablanca-Settat,2024-05-28,Bronze
459,459,Imane Fassi,Female,45-54,Marrakech,Marrakech-Safi,2025-02-13,Gold
460,460,Karim El Amrani,Female,55+,Tanger,Tanger-Tétouan-Al Hoceïma,2025-09-13,Gold
461,461,Karim Alaoui,Male,55+,Tanger,Tanger-Tétouan-Al Hoceïma,2025-02-01,Gold
462,462,Sara Tahiri,Male,45-54,Rabat,Rabat-Salé-Kénitra,2024-08-30,Gold
463,463,Amine Tahiri,Male,45-54,Fès,Fès-Meknès,2024-10-14,Gold
464,464,Amine Tazi,Male,35-44,Casablanca,Casablanca-Settat,2024-02-06,Gold
465,465,Karim Mansouri,Female,45-54,Rabat,Rabat-Salé-Kénitra,2025-05-27,Gold
466,466,Amine El Amrani,Male,25-34,Tétouan,Tanger-Tétouan-Al Hoceïma,2024-05-24,Gold
467,467,Hajar Alaoui,Female,45-54,Casablanca,Casablanca-Settat,2024-03-01,Gold
468,468,Mehdi Fassi,Male,55+,Tanger,Tanger-Tétouan-Al Hoceïma,2026-04-03,Silver
469,469,Karim Tahiri,Unknown,55+,Tétouan,Tanger-Tétouan-Al Hoceïma,2026-03-31,Silver
470,470,Nadia Mansouri,Male,18-24,Rabat,Rabat-Salé-Kénitra,2025-06-27,Silver
471,471,Amine El Amrani,Female,55+,Rabat,Rabat-Salé-Kénitra,2025-04-10,Bronze
472,472,Imane Berrada,Male,35-44,Casablanca,Casablanca-Settat,2024-12-14,Gold
473,473,Yassine Berrada,Male,55+,Tanger,Tanger-Tétouan-Al Hoceïma,2024-06-09,Bronze
474,474,Salma Tahiri,Male,55+,Casablanca,Casablanca-Settat,2025-06-22,Gold
475,475,Amine Rifi,Male,25-34,Fès,Fès-Meknès,2025-04-05,Bronze
476,476,Omar Alaoui,Female,55+,Rabat,Rabat-Salé-Kénitra,2024-06-11,Silver
477,477,Imane Fassi,Male,45-54,Fès,Fès-Meknès,2025-03-05,Gold
478,478,Yassine Rifi,Female,55+,Oujda,Oriental,2025-10-31,Gold
479,479,Amine Bennani,Male,55+,Tanger,Tanger-Tétouan-Al Hoceïma,2025-12-12,Gold
480,480,Hajar Ziani,Female,35-44,Al Hoceïma,Tanger-Tétouan-Al Hoceïma,2026-03-21,Gold
481,481,Amine El Amrani,Male,35-44,Tétouan,Tanger-Tétouan-Al Hoceïma,2026-01-30,Gold
482,482,Hajar Mansouri,Female,55+,Oujda,Oriental,2024-01-30,Gold
483,483,Karim Alaoui,Female,45-54,Casablanca,Casablanca-Settat,2025-11-07,Bronze
484,484,Imane Fassi,Unknown,25-34,Casablanca,Casablanca-Settat,2026-04-18,Gold
485,485,Mehdi Mansouri,Male,55+,Fès,Fès-Meknès,2025-11-23,Gold
486,486,Mehdi Rifi,Female,45-54,Al Hoceïma,Tanger-Tétouan-Al Hoceïma,2026-05-15,Gold
487,487,Yassine Tazi,Female,18-24,Rabat,Rabat-Salé-Kénitra,2025-08-12,Bronze
488,488,Karim Rifi,Male,35-44,Fès,Fès-Meknès,2024-05-12,Gold
489,489,Sara Tahiri,Female,35-44,Marrakech,Marrakech-Safi,2024-06-30,Bronze
490,490,Mehdi Tazi,Female,35-44,Fès,Fès-Meknès,2025-12-03,Gold
491,491,Mehdi Rifi,Male,18-24,Marrakech,Marrakech-Safi,2025-09-29,Gold
492,492,Nadia Mansouri,Female,55+,Fès,Fès-Meknès,2025-02-08,Silver
493,493,Yassine Mansouri,Male,25-34,Agadir,Souss-Massa,2024-04-26,Gold
494,494,Salma Ziani,Unknown,55+,Unknown,Marrakech-Safi,2024-09-23,Silver
495,495,Mehdi Tazi,Male,18-24,Fès,Fès-Meknès,2024-01-22,Gold
496,496,Yassine Berrada,Male,35-44,Marrakech,Marrakech-Safi,2026-05-14,Gold
497,497,Yassine Alaoui,Female,55+,Casablanca,Casablanca-Settat,2026-04-24,Gold
498,498,Hajar Bennani,Female,45-54,Nador,Oriental,2024-06-06,Gold
499,499,Salma El Amrani,Male,35-44,Tanger,Tanger-Tétouan-Al Hoceïma,2025-08-22,Gold
500,500,Imane Berrada,Male,45-54,Tanger,Tanger-Tétouan-Al Hoceïma,2024-12-14,Gold
501,501,Karim Mansouri,Male,45-54,Casablanca,Casablanca-Settat,2025-02-28,Bronze
502,502,Amine Ziani,Female,55+,Agadir,Souss-Massa,2025-08-25,Gold
503,503,Yassine Alaoui,Male,25-34,Meknès,Fès-Meknès,2026-04-22,Bronze
504,504,Yassine Alaoui,Male,35-44,Unknown,Tanger-Tétouan-Al Hoceïma,2025-04-29,Silver
505,505,Imane Ziani,Female,45-54,Rabat,Rabat-Salé-Kénitra,2024-12-07,Gold
506,506,Nadia Tahiri,Female,18-24,Fès,Fès-Meknès,2024-02-10,Gold
507,507,Amine Tazi,Male,35-44,Tanger,Tanger-Tétouan-Al Hoceïma,2025-12-14,Gold
508,508,Amine Tazi,Female,45-54,Casablanca,Casablanca-Settat,2025-07-16,Gold
509,509,Amine Tahiri,Male,18-24,Marrakech,Marrakech-Safi,2026-04-17,Bronze
510,510,Sara Alaoui,Male,45-54,Tanger,Tanger-Tétouan-Al Hoceïma,2026-03-21,Gold
511,511,Imane Mansouri,Male,45-54,Marrakech,Marrakech-Safi,2025-02-16,Gold
512,512,Yassine Rifi,Male,55+,Unknown,Casablanca-Settat,2024-01-15,Gold
513,513,Yassine Tazi,Female,55+,Agadir,Souss-Massa,2025-04-01,Silver
514,514,Salma El Amrani,Female,45-54,Agadir,Souss-Massa,2025-02-21,Gold
515,515,Hajar Alaoui,Female,55+,Unknown,Oriental,2025-11-12,Silver
516,516,Mehdi Bennani,Unknown,35-44,Tanger,Tanger-Tétouan-Al Hoceïma,2024-08-01,Gold
517,517,Amine Berrada,Male,18-24,Tanger,Tanger-Tétouan-Al Hoceïma,2026-01-06,Silver
518,518,Mehdi Tahiri,Female,55+,Tétouan,Tanger-Tétouan-Al Hoceïma,2024-08-27,Gold
519,519,Karim Fassi,Male,25-34,Marrakech,Marrakech-Safi,2026-04-10,Silver
520,520,Salma Rifi,Unknown,25-34,Casablanca,Casablanca-Settat,2024-01-14,Silver
521,521,Omar Bennani,Female,45-54,Fès,Fès-Meknès,2024-04-07,Silver
522,522,Imane Alaoui,Male,18-24,Agadir,Souss-Massa,2025-06-07,Silver
523,523,Hajar Ziani,Female,45-54,Fès,Fès-Meknès,2026-01-02,Gold
524,524,Imane Tazi,Female,18-24,Kénitra,Rabat-Salé-Kénitra,2025-11-23,Gold
525,525,Omar Mansouri,Male,55+,Tanger,Tanger-Tétouan-Al Hoceïma,2025-01-30,Gold
526,526,Salma Tazi,Unknown,55+,Tanger,Tanger-Tétouan-Al Hoceïma,2024-07-06,Bronze
527,527,Karim Ziani,Unknown,45-54,Rabat,Rabat-Salé-Kénitra,2025-11-16,Gold
528,528,Hajar Ziani,Female,25-34,Tanger,Tanger-Tétouan-Al Hoceïma,2025-05-24,Bronze
529,529,Sara Bennani,Female,35-44,Tanger,Tanger-Tétouan-Al Hoceïma,2025-02-27,Gold
530,530,Amine Berrada,Female,25-34,Unknown,Marrakech-Safi,2026-03-02,Silver
531,531,Yassine Alaoui,Male,55+,Tanger,Tanger-Tétouan-Al Hoceïma,2024-06-30,Silver
532,532,Sara Ziani,Female,25-34,Marrakech,Marrakech-Safi,2024-07-14,Silver
533,533,Salma El Amrani,Male,35-44,Marrakech,Marrakech-Safi,2024-01-23,Gold
534,534,Salma Tazi,Male,55+,Tanger,Tanger-Tétouan-Al Hoceïma,2025-11-16,Gold
535,535,Imane Ziani,Male,55+,Marrakech,Marrakech-Safi,2025-11-16,Gold
536,536,Sara Mansouri,Female,25-34,Al Hoceïma,Tanger-Tétouan-Al Hoceïma,2025-11-05,Gold
537,537,Salma Alaoui,Male,25-34,Casablanca,Casablanca-Settat,2026-01-08,Silver
538,538,Omar El Amrani,Female,18-24,Kénitra,Rabat-Salé-Kénitra,2024-03-27,Gold
539,539,Nadia Bennani,Male,35-44,Fès,Fès-Meknès,2024-12-06,Silver
540,540,Salma Tahiri,Male,25-34,Rabat,Rabat-Salé-Kénitra,2025-11-22,Gold
541,541,Amine Fassi,Male,18-24,Nador,Oriental,2025-08-16,Silver
542,542,Omar Fassi,Unknown,25-34,Casablanca,Casablanca-Settat,2025-07-18,Gold
543,543,Omar Bennani,Male,55+,Marrakech,Marrakech-Safi,2024-05-28,Gold
544,544,Yassine Bennani,Female,35-44,Nador,Oriental,2024-02-25,Gold
545,545,Omar Tazi,Unknown,45-54,Tanger,Tanger-Tétouan-Al Hoceïma,2025-11-14,Gold
546,546,Nadia Rifi,Male,35-44,Casablanca,Casablanca-Settat,2026-03-15,Bronze
547,547,Nadia Tahiri,Male,35-44,Tanger,Tanger-Tétouan-Al Hoceïma,2024-11-04,Gold
548,548,Sara Ziani,Male,35-44,Tanger,Tanger-Tétouan-Al Hoceïma,2024-08-01,Gold
549,549,Salma Alaoui,Unknown,25-34,Rabat,Rabat-Salé-Kénitra,2024-07-06,Gold
550,550,Salma Ziani,Female,35-44,Oujda,Oriental,2024-04-04,Gold
551,551,Karim Bennani,Unknown,18-24,Marrakech,Marrakech-Safi,2024-10-14,Bronze
552,552,Sara Tahiri,Unknown,55+,Fès,Fès-Meknès,2024-02-20,Silver
553,553,Yassine Fassi,Female,55+,Tanger,Tanger-Tétouan-Al Hoceïma,2026-03-27,Gold
554,554,Hajar Bennani,Unknown,45-54,Tétouan,Tanger-Tétouan-Al Hoceïma,2025-07-26,Silver
555,555,Omar El Amrani,Female,18-24,Tanger,Tanger-Tétouan-Al Hoceïma,2025-10-05,Bronze
556,556,Imane Rifi,Male,18-24,Kénitra,Rabat-Salé-Kénitra,2024-02-19,Gold
557,557,Mehdi Fassi,Male,35-44,Tétouan,Tanger-Tétouan-Al Hoceïma,2026-01-29,Silver
558,558,Karim Tahiri,Male,45-54,Meknès,Fès-Meknès,2026-02-28,Bronze
559,559,Sara Ziani,Male,18-24,Unknown,Oriental,2025-10-20,Silver
560,560,Imane Rifi,Male,35-44,Nador,Oriental,2024-11-30,Silver
561,561,Imane Rifi,Female,35-44,Fès,Fès-Meknès,2024-01-21,Gold
562,562,Sara Alaoui,Female,45-54,Rabat,Rabat-Salé-Kénitra,2025-12-20,Gold
563,563,Mehdi Tazi,Male,35-44,Marrakech,Marrakech-Safi,2024-11-29,Gold
564,564,Hajar Ziani,Female,35-44,Casablanca,Casablanca-Settat,2025-02-06,Gold
565,565,Karim El Amrani,Female,45-54,Oujda,Oriental,2024-01-20,Gold
566,566,Karim Tazi,Male,55+,Nador,Oriental,2025-08-17,Gold
567,567,Imane Tahiri,Male,35-44,Tanger,Tanger-Tétouan-Al Hoceïma,2024-09-19,Silver
568,568,Hajar Bennani,Male,35-44,Fès,Fès-Meknès,2025-03-11,Gold
569,569,Sara El Amrani,Female,35-44,Casablanca,Casablanca-Settat,2024-06-01,Bronze
570,570,Salma Rifi,Female,35-44,Meknès,Fès-Meknès,2025-10-05,Silver
571,571,Sara Rifi,Female,18-24,Casablanca,Casablanca-Settat,2024-12-14,Gold
572,572,Salma Ziani,Male,55+,Casablanca,Casablanca-Settat,2026-02-23,Gold
573,573,Amine Tazi,Male,55+,Tanger,Tanger-Tétouan-Al Hoceïma,2024-03-07,Bronze
574,574,Nadia Tahiri,Female,35-44,Rabat,Rabat-Salé-Kénitra,2024-05-05,Gold
575,575,Hajar Ziani,Female,35-44,Casablanca,Casablanca-Settat,2026-03-08,Bronze
576,576,Amine El Amrani,Male,25-34,Casablanca,Casablanca-Settat,2026-05-05,Gold
577,577,Salma Fassi,Male,18-24,Unknown,Souss-Massa,2025-03-25,Gold
578,578,Karim Bennani,Male,55+,Agadir,Souss-Massa,2024-07-26,Gold
579,579,Amine Rifi,Male,55+,Oujda,Oriental,2025-11-29,Gold
580,580,Sara Tahiri,Male,45-54,Casablanca,Casablanca-Settat,2025-06-17,Gold
581,581,Hajar Alaoui,Female,25-34,Tanger,Tanger-Tétouan-Al Hoceïma,2024-03-06,Bronze
582,582,Karim Tahiri,Male,45-54,Agadir,Souss-Massa,2025-01-11,Silver
583,583,Hajar Ziani,Male,55+,Casablanca,Casablanca-Settat,2025-10-17,Gold
584,584,Sara Bennani,Male,55+,Tanger,Tanger-Tétouan-Al Hoceïma,2024-06-16,Gold
585,585,Hajar Tazi,Female,55+,Tétouan,Tanger-Tétouan-Al Hoceïma,2024-05-20,Gold
586,586,Omar El Amrani,Male,45-54,Casablanca,Casablanca-Settat,2025-08-04,Gold
587,587,Nadia El Amrani,Female,25-34,Tanger,Tanger-Tétouan-Al Hoceïma,2024-06-01,Gold
588,588,Nadia Alaoui,Male,35-44,Tanger,Tanger-Tétouan-Al Hoceïma,2026-04-23,Gold
589,589,Imane Berrada,Male,45-54,Tanger,Tanger-Tétouan-Al Hoceïma,2025-01-20,Gold
590,590,Yassine Tazi,Male,25-34,Fès,Fès-Meknès,2026-02-02,Gold
591,591,Nadia Bennani,Male,55+,Tétouan,Tanger-Tétouan-Al Hoceïma,2024-04-04,Gold
592,592,Amine Ziani,Male,18-24,Marrakech,Marrakech-Safi,2024-07-19,Bronze
593,593,Amine Ziani,Female,55+,Kénitra,Rabat-Salé-Kénitra,2025-12-15,Bronze
594,594,Karim Tazi,Male,35-44,Casablanca,Casablanca-Settat,2024-02-16,Gold
595,595,Amine Bennani,Female,18-24,Agadir,Souss-Massa,2026-02-28,Gold
596,596,Imane Berrada,Female,45-54,Al Hoceïma,Tanger-Tétouan-Al Hoceïma,2024-04-27,Gold
597,597,Imane Tazi,Female,25-34,Tanger,Tanger-Tétouan-Al Hoceïma,2026-03-09,Silver
598,598,Mehdi Rifi,Male,25-34,Tanger,Tanger-Tétouan-Al Hoceïma,2026-05-02,Gold
599,599,Nadia El Amrani,Unknown,25-34,Casablanca,Casablanca-Settat,2024-01-13,Gold
600,600,Yassine Alaoui,Female,25-34,Tanger,Tanger-Tétouan-Al Hoceïma,2024-05-15,Gold
601,601,Karim Berrada,Unknown,35-44,Casablanca,Casablanca-Settat,2024-03-25,Gold
602,602,Sara Rifi,Male,25-34,Tanger,Tanger-Tétouan-Al Hoceïma,2024-12-05,Gold
603,603,Nadia Tahiri,Male,45-54,Rabat,Rabat-Salé-Kénitra,2026-02-02,Silver
604,604,Karim Berrada,Female,25-34,Tanger,Tanger-Tétouan-Al Hoceïma,2024-02-14,Bronze
605,605,Yassine Bennani,Female,35-44,Kénitra,Rabat-Salé-Kénitra,2024-05-03,Gold
606,606,Mehdi Ziani,Unknown,45-54,Agadir,Souss-Massa,2026-05-02,Gold
607,607,Hajar Berrada,Unknown,25-34,Rabat,Rabat-Salé-Kénitra,2024-04-18,Silver
608,608,Karim Rifi,Female,25-34,Tétouan,Tanger-Tétouan-Al Hoceïma,2024-10-13,Gold
609,609,Amine Tazi,Unknown,35-44,Tétouan,Tanger-Tétouan-Al Hoceïma,2026-08-05,Gold
610,610,Mehdi Bennani,Female,25-34,Oujda,Oriental,2025-11-28,Gold
611,611,Imane Mansouri,Male,25-34,Rabat,Rabat-Salé-Kénitra,2024-05-02,Gold
612,612,Yassine Tazi,Female,25-34,Oujda,Oriental,2024-06-25,Gold
613,613,Hajar Bennani,Male,55+,Casablanca,Casablanca-Settat,2025-03-13,Silver
614,614,Hajar Berrada,Female,45-54,Al Hoceïma,Tanger-Tétouan-Al Hoceïma,2025-10-16,Gold
615,615,Sara Fassi,Male,18-24,Tanger,Tanger-Tétouan-Al Hoceïma,2024-08-15,Gold
616,616,Imane Mansouri,Male,35-44,Agadir,Souss-Massa,2025-09-23,Silver
617,617,Mehdi Tahiri,Female,25-34,Tanger,Tanger-Tétouan-Al Hoceïma,2026-05-07,Gold
618,618,Hajar El Amrani,Male,55+,Kénitra,Rabat-Salé-Kénitra,2024-05-25,Gold
619,619,Amine Mansouri,Male,18-24,Casablanca,Casablanca-Settat,2025-04-17,Gold
620,620,Hajar Tahiri,Female,35-44,Tanger,Tanger-Tétouan-Al Hoceïma,2024-06-02,Gold
621,621,Sara Berrada,Female,35-44,Tanger,Tanger-Tétouan-Al Hoceïma,2025-08-12,Silver
622,622,Mehdi Fassi,Female,35-44,Fès,Fès-Meknès,2024-12-05,Gold
623,623,Karim Rifi,Unknown,45-54,Rabat,Rabat-Salé-Kénitra,2024-02-02,Silver
624,624,Salma Berrada,Female,55+,Casablanca,Casablanca-Settat,2025-11-04,Gold
625,625,Yassine Fassi,Female,45-54,Oujda,Oriental,2024-12-17,Gold
626,626,Amine Tazi,Unknown,35-44,Marrakech,Marrakech-Safi,2024-04-19,Gold
627,627,Hajar Fassi,Unknown,45-54,Casablanca,Casablanca-Settat,2026-02-03,Gold
628,628,Yassine Ziani,Female,25-34,Tétouan,Tanger-Tétouan-Al Hoceïma,2024-09-18,Gold
629,629,Yassine Fassi,Male,18-24,Casablanca,Casablanca-Settat,2024-04-03,Silver
630,630,Salma Alaoui,Male,25-34,Marrakech,Marrakech-Safi,2026-02-25,Gold
631,631,Karim Ziani,Female,45-54,Fès,Fès-Meknès,2024-08-03,Gold
632,632,Omar Tazi,Unknown,55+,Rabat,Rabat-Salé-Kénitra,2024-08-29,Gold
633,633,Hajar Bennani,Female,55+,Tétouan,Tanger-Tétouan-Al Hoceïma,2025-07-16,Gold
634,634,Amine Bennani,Female,45-54,Rabat,Rabat-Salé-Kénitra,2025-06-16,Gold
635,635,Amine Berrada,Male,45-54,Rabat,Rabat-Salé-Kénitra,2026-03-13,Gold
636,636,Yassine Fassi,Male,45-54,Casablanca,Casablanca-Settat,2025-12-08,Gold
637,637,Karim Rifi,Female,18-24,Kénitra,Rabat-Salé-Kénitra,2025-08-21,Bronze
638,638,Amine Fassi,Male,35-44,Meknès,Fès-Meknès,2024-11-07,Gold
639,639,Amine Rifi,Unknown,35-44,Marrakech,Marrakech-Safi,2025-08-06,Gold
640,640,Omar El Amrani,Male,25-34,Unknown,Tanger-Tétouan-Al Hoceïma,2026-04-02,Gold
641,641,Mehdi Fassi,Male,45-54,Tanger,Tanger-Tétouan-Al Hoceïma,2024-02-15,Gold
642,642,Sara Tazi,Female,55+,Rabat,Rabat-Salé-Kénitra,2025-03-09,Silver
643,643,Yassine Alaoui,Unknown,45-54,Kénitra,Rabat-Salé-Kénitra,2025-06-12,Gold
644,644,Omar Rifi,Female,18-24,Fès,Fès-Meknès,2024-07-18,Silver
645,645,Amine Berrada,Female,45-54,Marrakech,Marrakech-Safi,2025-11-21,Silver
646,646,Amine Berrada,Female,55+,Casablanca,Casablanca-Settat,2025-10-09,Gold
647,647,Mehdi Alaoui,Female,55+,Tétouan,Tanger-Tétouan-Al Hoceïma,2024-10-07,Gold
648,648,Yassine Berrada,Male,25-34,Fès,Fès-Meknès,2025-08-23,Bronze
649,649,Hajar Alaoui,Female,25-34,Tanger,Tanger-Tétouan-Al Hoceïma,2026-04-16,Gold
650,650,Sara El Amrani,Male,55+,Tanger,Tanger-Tétouan-Al Hoceïma,2024-11-05,Gold
651,651,Karim Alaoui,Female,35-44,Al Hoceïma,Tanger-Tétouan-Al Hoceïma,2024-09-02,Gold
652,652,Nadia Rifi,Male,55+,Kénitra,Rabat-Salé-Kénitra,2024-08-09,Gold
653,653,Mehdi Mansouri,Male,55+,Tétouan,Tanger-Tétouan-Al Hoceïma,2024-01-11,Gold
654,654,Mehdi Berrada,Female,45-54,Rabat,Rabat-Salé-Kénitra,2026-02-02,Gold
655,655,Salma Alaoui,Male,55+,Rabat,Rabat-Salé-Kénitra,2024-09-14,Bronze
656,656,Salma Alaoui,Male,55+,Oujda,Oriental,2025-03-12,Gold
657,657,Yassine El Amrani,Male,55+,Tétouan,Tanger-Tétouan-Al Hoceïma,2025-07-30,Gold
658,658,Yassine Bennani,Female,25-34,Marrakech,Marrakech-Safi,2024-09-25,Silver
659,659,Mehdi Fassi,Male,35-44,Rabat,Rabat-Salé-Kénitra,2026-03-14,Silver
660,660,Amine Fassi,Male,25-34,Casablanca,Casablanca-Settat,2025-05-14,Bronze
661,661,Salma Berrada,Male,55+,Tétouan,Tanger-Tétouan-Al Hoceïma,2026-02-07,Gold
662,662,Mehdi Ziani,Male,55+,Unknown,Tanger-Tétouan-Al Hoceïma,2025-03-04,Gold
663,663,Sara Fassi,Male,45-54,Rabat,Rabat-Salé-Kénitra,2026-04-23,Gold
664,664,Sara Rifi,Female,35-44,Agadir,Souss-Massa,2025-01-18,Gold
665,665,Nadia Ziani,Female,45-54,Casablanca,Casablanca-Settat,2026-03-22,Gold
666,666,Karim Bennani,Male,55+,Casablanca,Casablanca-Settat,2024-09-21,Silver
667,667,Mehdi El Amrani,Female,25-34,Casablanca,Casablanca-Settat,2025-03-30,Bronze
668,668,Amine Rifi,Male,55+,Rabat,Rabat-Salé-Kénitra,2024-04-01,Bronze
669,669,Yassine Bennani,Unknown,25-34,Marrakech,Marrakech-Safi,2025-06-13,Gold
670,670,Salma Berrada,Male,25-34,Agadir,Souss-Massa,2025-04-03,Silver
671,671,Omar Bennani,Female,25-34,Casablanca,Casablanca-Settat,2024-06-09,Gold
672,672,Hajar El Amrani,Male,45-54,Rabat,Rabat-Salé-Kénitra,2025-08-03,Silver
673,673,Yassine Alaoui,Male,18-24,Rabat,Rabat-Salé-Kénitra,2025-04-08,Silver
674,674,Yassine Fassi,Female,25-34,Casablanca,Casablanca-Settat,2024-06-10,Silver
675,675,Salma Tazi,Female,55+,Fès,Fès-Meknès,2024-12-03,Silver
676,676,Amine Ziani,Male,35-44,Fès,Fès-Meknès,2026-07-02,Bronze
677,677,Yassine Bennani,Male,35-44,Tétouan,Tanger-Tétouan-Al Hoceïma,2024-08-15,Silver
678,678,Amine Mansouri,Male,55+,Fès,Fès-Meknès,2025-07-25,Gold
679,679,Salma Berrada,Female,45-54,Oujda,Oriental,2025-04-29,Gold
680,680,Sara Ziani,Female,45-54,Agadir,Souss-Massa,2025-05-26,Gold
681,681,Nadia Bennani,Male,25-34,Nador,Oriental,2026-03-14,Gold
682,682,Hajar Berrada,Female,35-44,Agadir,Souss-Massa,2026-03-29,Silver
683,683,Mehdi Fassi,Female,45-54,Marrakech,Marrakech-Safi,2024-03-23,Gold
684,684,Nadia Bennani,Male,55+,Tanger,Tanger-Tétouan-Al Hoceïma,2025-12-24,Gold
685,685,Yassine Tahiri,Female,45-54,Fès,Fès-Meknès,2024-07-24,Bronze
686,686,Nadia Tahiri,Male,45-54,Marrakech,Marrakech-Safi,2024-08-13,Gold
687,687,Sara Mansouri,Male,18-24,Tétouan,Tanger-Tétouan-Al Hoceïma,2024-04-08,Bronze
688,688,Imane Fassi,Male,35-44,Fès,Fès-Meknès,2026-03-31,Silver
689,689,Amine Fassi,Female,55+,Rabat,Rabat-Salé-Kénitra,2024-01-29,Gold
690,690,Omar Tazi,Female,45-54,Casablanca,Casablanca-Settat,2025-09-10,Gold
691,691,Sara Tazi,Female,35-44,Tétouan,Tanger-Tétouan-Al Hoceïma,2024-03-06,Silver
692,692,Hajar Tahiri,Male,35-44,Fès,Fès-Meknès,2024-03-06,Gold
693,693,Amine Tahiri,Male,45-54,Rabat,Rabat-Salé-Kénitra,2025-12-20,Gold
694,694,Salma Rifi,Female,18-24,Rabat,Rabat-Salé-Kénitra,2024-10-03,Gold
695,695,Yassine Rifi,Male,25-34,Marrakech,Marrakech-Safi,2025-04-24,Gold
696,696,Imane Tazi,Male,45-54,Rabat,Rabat-Salé-Kénitra,2026-04-16,Gold
697,697,Yassine Fassi,Unknown,55+,Casablanca,Casablanca-Settat,2024-02-26,Gold
698,698,Sara Berrada,Female,35-44,Tétouan,Tanger-Tétouan-Al Hoceïma,2025-11-12,Bronze
699,699,Sara Alaoui,Female,55+,Oujda,Oriental,2025-06-09,Bronze
700,700,Omar Berrada,Unknown,55+,Oujda,Oriental,2025-08-30,Bronze
701,701,Nadia El Amrani,Male,35-44,Tétouan,Tanger-Tétouan-Al Hoceïma,2025-02-24,Silver
702,702,Nadia Berrada,Female,35-44,Marrakech,Marrakech-Safi,2024-03-16,Gold
703,703,Sara Berrada,Female,25-34,Oujda,Oriental,2025-01-16,Silver
704,704,Hajar El Amrani,Male,35-44,Rabat,Rabat-Salé-Kénitra,2025-11-25,Gold
705,705,Hajar Berrada,Unknown,55+,Tétouan,Tanger-Tétouan-Al Hoceïma,2024-09-21,Gold
706,706,Sara Alaoui,Male,55+,Marrakech,Marrakech-Safi,2026-02-19,Bronze
707,707,Yassine Fassi,Male,45-54,Oujda,Oriental,2025-10-29,Silver
708,708,Amine Ziani,Female,25-34,Tanger,Tanger-Tétouan-Al Hoceïma,2026-02-14,Gold
709,709,Karim Rifi,Unknown,25-34,Agadir,Souss-Massa,2024-11-04,Gold
710,710,Yassine Tazi,Female,45-54,Tanger,Tanger-Tétouan-Al Hoceïma,2025-06-08,Gold
711,711,Nadia Tazi,Female,35-44,Oujda,Oriental,2024-10-25,Gold
712,712,Omar Berrada,Male,55+,Marrakech,Marrakech-Safi,2025-10-10,Silver
713,713,Omar Berrada,Female,25-34,Casablanca,Casablanca-Settat,2024-01-21,Gold
714,714,Hajar Bennani,Male,55+,Casablanca,Casablanca-Settat,2024-09-17,Gold
715,715,Imane Mansouri,Male,25-34,Casablanca,Casablanca-Settat,2025-04-19,Bronze
716,716,Sara Ziani,Male,35-44,Rabat,Rabat-Salé-Kénitra,2025-06-24,Bronze
717,717,Salma Fassi,Female,25-34,Agadir,Souss-Massa,2025-11-09,Gold
718,718,Hajar Mansouri,Unknown,55+,Rabat,Rabat-Salé-Kénitra,2025-03-02,Gold
719,719,Salma Berrada,Female,55+,Tétouan,Tanger-Tétouan-Al Hoceïma,2025-09-21,Silver
720,720,Amine Alaoui,Female,35-44,Marrakech,Marrakech-Safi,2024-03-23,Gold
721,721,Imane Rifi,Male,45-54,Oujda,Oriental,2025-10-09,Gold
722,722,Karim Fassi,Male,55+,Rabat,Rabat-Salé-Kénitra,2026-01-01,Silver
723,723,Hajar Ziani,Unknown,35-44,Casablanca,Casablanca-Settat,2026-02-25,Gold
724,724,Imane Berrada,Male,25-34,Fès,Fès-Meknès,2024-02-01,Gold
725,725,Yassine Ziani,Male,35-44,Rabat,Rabat-Salé-Kénitra,2024-12-08,Silver
726,726,Imane Berrada,Male,18-24,Nador,Oriental,2025-08-08,Gold
727,727,Salma Ziani,Female,45-54,Casablanca,Casablanca-Settat,2026-01-31,Bronze
728,728,Mehdi Tazi,Male,55+,Kénitra,Rabat-Salé-Kénitra,2025-09-23,Gold
729,729,Salma Berrada,Male,35-44,Oujda,Oriental,2024-06-22,Gold
730,730,Amine Alaoui,Female,25-34,Oujda,Oriental,2026-05-09,Bronze
731,731,Salma Tazi,Female,35-44,Fès,Fès-Meknès,2026-02-21,Bronze
732,732,Mehdi Fassi,Male,35-44,Marrakech,Marrakech-Safi,2026-04-04,Bronze
733,733,Karim Tazi,Male,55+,Tanger,Tanger-Tétouan-Al Hoceïma,2025-06-11,Silver
734,734,Omar Fassi,Female,55+,Meknès,Fès-Meknès,2024-02-24,Silver
735,735,Amine Ziani,Male,18-24,Kénitra,Rabat-Salé-Kénitra,2024-10-22,Silver
736,736,Hajar Berrada,Female,45-54,Rabat,Rabat-Salé-Kénitra,2024-05-18,Gold
737,737,Mehdi Bennani,Male,45-54,Fès,Fès-Meknès,2026-03-30,Gold
738,738,Yassine El Amrani,Unknown,45-54,Casablanca,Casablanca-Settat,2026-05-13,Silver
739,739,Nadia Bennani,Male,35-44,Kénitra,Rabat-Salé-Kénitra,2025-07-10,Silver
740,740,Yassine Rifi,Female,45-54,Rabat,Rabat-Salé-Kénitra,2024-12-13,Silver
741,741,Karim Tahiri,Female,18-24,Fès,Fès-Meknès,2024-10-08,Gold
742,742,Omar Bennani,Female,35-44,Tanger,Tanger-Tétouan-Al Hoceïma,2026-03-18,Gold
743,743,Yassine Tahiri,Female,55+,Casablanca,Casablanca-Settat,2024-08-11,Gold
744,744,Omar Fassi,Unknown,55+,Tétouan,Tanger-Tétouan-Al Hoceïma,2024-06-14,Bronze
745,745,Karim Rifi,Female,55+,Meknès,Fès-Meknès,2025-03-31,Gold
746,746,Karim Mansouri,Female,35-44,Tétouan,Tanger-Tétouan-Al Hoceïma,2024-10-19,Bronze
747,747,Karim Alaoui,Female,55+,Tanger,Tanger-Tétouan-Al Hoceïma,2025-09-17,Gold
748,748,Amine Alaoui,Unknown,45-54,Tétouan,Tanger-Tétouan-Al Hoceïma,2024-11-19,Gold
749,749,Karim Berrada,Male,55+,Rabat,Rabat-Salé-Kénitra,2025-03-30,Gold
750,750,Sara Fassi,Female,35-44,Rabat,Rabat-Salé-Kénitra,2025-08-29,Gold
751,751,Sara Berrada,Female,55+,Rabat,Rabat-Salé-Kénitra,2024-12-30,Silver
752,752,Sara Bennani,Male,45-54,Casablanca,Casablanca-Settat,2024-06-10,Gold
753,753,Salma Rifi,Female,25-34,Al Hoceïma,Tanger-Tétouan-Al Hoceïma,2025-09-24,Gold
754,754,Hajar Alaoui,Male,25-34,Tétouan,Tanger-Tétouan-Al Hoceïma,2024-02-20,Gold
755,755,Omar Bennani,Female,25-34,Agadir,Souss-Massa,2024-11-07,Bronze
756,756,Hajar Tahiri,Female,55+,Fès,Fès-Meknès,2026-01-08,Gold
757,757,Hajar Tahiri,Female,25-34,Kénitra,Rabat-Salé-Kénitra,2024-05-21,Gold
758,758,Mehdi Rifi,Male,55+,Tanger,Tanger-Tétouan-Al Hoceïma,2024-07-21,Gold
759,759,Imane Berrada,Female,55+,Tanger,Tanger-Tétouan-Al Hoceïma,2024-03-27,Gold
760,760,Nadia Tazi,Male,35-44,Fès,Fès-Meknès,2026-03-02,Gold
761,761,Karim El Amrani,Female,55+,Casablanca,Casablanca-Settat,2024-06-25,Gold
762,762,Karim Alaoui,Female,55+,Rabat,Rabat-Salé-Kénitra,2024-11-29,Silver
763,763,Nadia Tazi,Unknown,55+,Marrakech,Marrakech-Safi,2025-07-18,Gold
764,764,Hajar Mansouri,Female,55+,Rabat,Rabat-Salé-Kénitra,2026-04-20,Gold
765,765,Omar El Amrani,Male,25-34,Casablanca,Casablanca-Settat,2024-07-28,Gold
766,766,Hajar Tahiri,Male,55+,Oujda,Oriental,2024-06-17,Gold
767,767,Amine Tazi,Female,25-34,Marrakech,Marrakech-Safi,2024-01-08,Gold
768,768,Nadia Berrada,Male,25-34,Casablanca,Casablanca-Settat,2024-12-02,Bronze
769,769,Mehdi Mansouri,Male,55+,Rabat,Rabat-Salé-Kénitra,2025-05-15,Gold
770,770,Imane Bennani,Female,35-44,Casablanca,Casablanca-Settat,2024-01-30,Gold
771,771,Omar Tazi,Male,45-54,Tanger,Tanger-Tétouan-Al Hoceïma,2024-11-21,Gold
772,772,Karim Rifi,Male,25-34,Agadir,Souss-Massa,2025-03-07,Gold
773,773,Karim Alaoui,Male,35-44,Tanger,Tanger-Tétouan-Al Hoceïma,2024-07-24,Gold
774,774,Yassine Rifi,Unknown,45-54,Al Hoceïma,Tanger-Tétouan-Al Hoceïma,2025-07-01,Bronze
775,775,Salma Ziani,Male,25-34,Oujda,Oriental,2026-02-20,Bronze
776,776,Yassine Berrada,Male,45-54,Kénitra,Rabat-Salé-Kénitra,2026-03-21,Gold
777,777,Mehdi Rifi,Female,55+,Rabat,Rabat-Salé-Kénitra,2025-08-24,Gold
778,778,Omar Tazi,Female,25-34,Rabat,Rabat-Salé-Kénitra,2024-02-21,Gold
779,779,Amine Alaoui,Female,35-44,Oujda,Oriental,2024-12-10,Gold
780,780,Imane Tazi,Female,25-34,Tétouan,Tanger-Tétouan-Al Hoceïma,2026-05-03,Gold
781,781,Karim El Amrani,Male,45-54,Unknown,Fès-Meknès,2025-11-07,Silver
782,782,Mehdi Bennani,Unknown,25-34,Casablanca,Casablanca-Settat,2024-02-25,Bronze
783,783,Amine Fassi,Unknown,55+,Rabat,Rabat-Salé-Kénitra,2025-10-08,Gold
784,784,Imane Alaoui,Male,35-44,Tétouan,Tanger-Tétouan-Al Hoceïma,2025-08-28,Silver
785,785,Salma Bennani,Female,25-34,Tanger,Tanger-Tétouan-Al Hoceïma,2025-01-24,Silver
786,786,Hajar Alaoui,Female,25-34,Casablanca,Casablanca-Settat,2025-12-20,Gold
787,787,Salma Mansouri,Unknown,18-24,Marrakech,Marrakech-Safi,2024-06-01,Gold
788,788,Mehdi Berrada,Male,45-54,Marrakech,Marrakech-Safi,2024-02-15,Silver
789,789,Amine Ziani,Unknown,35-44,Agadir,Souss-Massa,2024-03-08,Gold
790,790,Salma Fassi,Female,55+,Meknès,Fès-Meknès,2024-01-16,Silver
791,791,Amine Rifi,Female,18-24,Tanger,Tanger-Tétouan-Al Hoceïma,2025-02-20,Gold
792,792,Karim Rifi,Female,35-44,Tétouan,Tanger-Tétouan-Al Hoceïma,2025-06-01,Gold
793,793,Karim Tazi,Male,35-44,Nador,Oriental,2025-12-17,Silver
794,794,Sara Ziani,Female,25-34,Tanger,Tanger-Tétouan-Al Hoceïma,2025-04-20,Silver
795,795,Karim Mansouri,Male,55+,Tanger,Tanger-Tétouan-Al Hoceïma,2024-07-11,Gold
796,796,Hajar Tahiri,Female,25-34,Fès,Fès-Meknès,2024-03-06,Gold
797,797,Salma Ziani,Male,25-34,Agadir,Souss-Massa,2024-12-31,Gold
798,798,Yassine Ziani,Male,45-54,Rabat,Rabat-Salé-Kénitra,2024-10-12,Gold
799,799,Mehdi El Amrani,Male,18-24,Meknès,Fès-Meknès,2024-07-20,Gold
800,800,Karim El Amrani,Female,35-44,Rabat,Rabat-Salé-Kénitra,2025-07-25,Silver
801,801,Nadia El Amrani,Female,55+,Fès,Fès-Meknès,2025-01-07,Gold
802,802,Omar Bennani,Female,45-54,Rabat,Rabat-Salé-Kénitra,2026-01-06,Gold
803,803,Salma Alaoui,Unknown,45-54,Fès,Fès-Meknès,2024-03-18,Bronze
804,804,Sara Bennani,Unknown,25-34,Tanger,Tanger-Tétouan-Al Hoceïma,2025-07-21,Gold
805,805,Karim Alaoui,Male,55+,Casablanca,Casablanca-Settat,2026-02-02,Gold
806,806,Sara Ziani,Unknown,25-34,Casablanca,Casablanca-Settat,2025-10-08,Gold
807,807,Mehdi Alaoui,Unknown,55+,Fès,Fès-Meknès,2026-04-20,Gold
808,808,Amine Mansouri,Female,35-44,Tanger,Tanger-Tétouan-Al Hoceïma,2025-03-17,Gold
809,809,Omar Berrada,Male,55+,Nador,Oriental,2025-07-15,Gold
810,810,Nadia El Amrani,Female,25-34,Tanger,Tanger-Tétouan-Al Hoceïma,2024-04-03,Bronze
811,811,Salma Fassi,Male,18-24,Agadir,Souss-Massa,2024-12-31,Gold
812,812,Amine Ziani,Male,18-24,Rabat,Rabat-Salé-Kénitra,2026-02-23,Gold
813,813,Mehdi Tazi,Female,55+,Meknès,Fès-Meknès,2025-04-11,Bronze
814,814,Yassine Bennani,Male,25-34,Tanger,Tanger-Tétouan-Al Hoceïma,2024-05-15,Gold
815,815,Salma Mansouri,Female,18-24,Marrakech,Marrakech-Safi,2025-11-12,Silver
816,816,Nadia Fassi,Female,35-44,Agadir,Souss-Massa,2025-05-16,Gold
817,817,Imane Berrada,Female,55+,Casablanca,Casablanca-Settat,2025-12-16,Gold
818,818,Nadia Tazi,Unknown,45-54,Casablanca,Casablanca-Settat,2025-05-20,Gold
819,819,Hajar Alaoui,Male,18-24,Al Hoceïma,Tanger-Tétouan-Al Hoceïma,2026-01-31,Silver
820,820,Imane Fassi,Male,35-44,Rabat,Rabat-Salé-Kénitra,2025-05-27,Silver
821,821,Omar Rifi,Unknown,55+,Unknown,Tanger-Tétouan-Al Hoceïma,2025-06-05,Gold
822,822,Nadia Mansouri,Male,45-54,Unknown,Oriental,2025-10-24,Bronze
823,823,Karim Alaoui,Male,35-44,Rabat,Rabat-Salé-Kénitra,2024-04-25,Gold
824,824,Salma Alaoui,Female,35-44,Tanger,Tanger-Tétouan-Al Hoceïma,2025-08-21,Silver
825,825,Mehdi Rifi,Male,35-44,Rabat,Rabat-Salé-Kénitra,2025-02-04,Gold
826,826,Amine Ziani,Female,35-44,Tanger,Tanger-Tétouan-Al Hoceïma,2024-03-03,Gold
827,827,Salma El Amrani,Female,25-34,Tanger,Tanger-Tétouan-Al Hoceïma,2024-08-26,Gold
828,828,Yassine Fassi,Male,55+,Casablanca,Casablanca-Settat,2025-03-05,Gold
829,829,Mehdi Mansouri,Male,45-54,Rabat,Rabat-Salé-Kénitra,2024-01-29,Gold
830,830,Omar Tazi,Male,45-54,Casablanca,Casablanca-Settat,2024-10-26,Gold
831,831,Nadia Fassi,Female,45-54,Tanger,Tanger-Tétouan-Al Hoceïma,2026-05-10,Gold
832,832,Yassine Rifi,Male,35-44,Unknown,Oriental,2026-05-02,Silver
833,833,Salma Fassi,Male,55+,Casablanca,Casablanca-Settat,2024-07-03,Bronze
834,834,Omar El Amrani,Male,55+,Unknown,Marrakech-Safi,2024-04-14,Silver
835,835,Yassine Rifi,Female,25-34,Tétouan,Tanger-Tétouan-Al Hoceïma,2025-10-14,Gold
836,836,Mehdi Rifi,Female,45-54,Agadir,Souss-Massa,2024-06-18,Silver
837,837,Salma Mansouri,Male,25-34,Rabat,Rabat-Salé-Kénitra,2024-05-30,Gold
838,838,Hajar Ziani,Male,35-44,Casablanca,Casablanca-Settat,2024-07-16,Gold
839,839,Sara Mansouri,Male,25-34,Unknown,Tanger-Tétouan-Al Hoceïma,2026-04-03,Gold
840,840,Karim Ziani,Male,35-44,Fès,Fès-Meknès,2024-01-02,Silver
841,841,Nadia Mansouri,Male,45-54,Casablanca,Casablanca-Settat,2025-04-15,Bronze
842,842,Nadia Tahiri,Male,55+,Tétouan,Tanger-Tétouan-Al Hoceïma,2025-02-11,Silver
843,843,Amine Fassi,Male,25-34,Fès,Fès-Meknès,2024-12-10,Silver
844,844,Hajar Alaoui,Female,18-24,Casablanca,Casablanca-Settat,2024-10-25,Silver
845,845,Nadia Mansouri,Unknown,45-54,Al Hoceïma,Tanger-Tétouan-Al Hoceïma,2024-07-21,Gold
846,846,Amine Fassi,Female,25-34,Tanger,Tanger-Tétouan-Al Hoceïma,2024-02-19,Gold
847,847,Salma Bennani,Unknown,55+,Agadir,Souss-Massa,2024-03-08,Gold
848,848,Hajar Bennani,Unknown,45-54,Unknown,Casablanca-Settat,2025-08-18,Silver
849,849,Imane Tazi,Male,45-54,Tétouan,Tanger-Tétouan-Al Hoceïma,2025-01-03,Silver
850,850,Sara Bennani,Female,25-34,Tétouan,Tanger-Tétouan-Al Hoceïma,2024-10-04,Gold
851,851,Omar Rifi,Female,35-44,Al Hoceïma,Tanger-Tétouan-Al Hoceïma,2025-05-28,Gold
852,852,Amine Tahiri,Female,18-24,Casablanca,Casablanca-Settat,2025-01-29,Bronze
853,853,Amine Mansouri,Female,35-44,Oujda,Oriental,2025-05-11,Gold
854,854,Imane Bennani,Female,35-44,Rabat,Rabat-Salé-Kénitra,2024-04-08,Gold
855,855,Yassine Ziani,Female,45-54,Tétouan,Tanger-Tétouan-Al Hoceïma,2025-05-05,Gold
856,856,Nadia Bennani,Unknown,25-34,Unknown,Rabat-Salé-Kénitra,2025-11-16,Gold
857,857,Hajar Berrada,Male,45-54,Casablanca,Casablanca-Settat,2026-05-02,Silver
858,858,Karim Ziani,Female,55+,Casablanca,Casablanca-Settat,2024-06-27,Gold
859,859,Omar Tahiri,Female,25-34,Agadir,Souss-Massa,2024-07-28,Gold
860,860,Imane El Amrani,Unknown,35-44,Kénitra,Rabat-Salé-Kénitra,2024-04-26,Gold
861,861,Omar Bennani,Male,55+,Marrakech,Marrakech-Safi,2024-07-06,Gold
862,862,Omar Ziani,Male,18-24,Agadir,Souss-Massa,2024-01-25,Gold
863,863,Sara Berrada,Unknown,45-54,Casablanca,Casablanca-Settat,2024-04-13,Bronze
864,864,Sara Tazi,Female,55+,Marrakech,Marrakech-Safi,2024-12-31,Gold
865,865,Imane El Amrani,Male,18-24,Tanger,Tanger-Tétouan-Al Hoceïma,2025-11-12,Gold
866,866,Nadia Mansouri,Male,55+,Agadir,Souss-Massa,2025-06-21,Gold
867,867,Nadia Ziani,Female,35-44,Casablanca,Casablanca-Settat,2026-01-14,Gold
868,868,Amine Mansouri,Female,25-34,Tétouan,Tanger-Tétouan-Al Hoceïma,2025-06-28,Gold
869,869,Hajar El Amrani,Unknown,25-34,Rabat,Rabat-Salé-Kénitra,2025-11-24,Gold
870,870,Amine Tazi,Female,55+,Rabat,Rabat-Salé-Kénitra,2025-11-08,Gold
871,871,Imane Berrada,Female,55+,Agadir,Souss-Massa,2025-03-27,Gold
872,872,Imane Mansouri,Male,55+,Rabat,Rabat-Salé-Kénitra,2025-11-15,Bronze
873,873,Sara Mansouri,Female,55+,Casablanca,Casablanca-Settat,2025-12-02,Gold
874,874,Sara El Amrani,Female,55+,Marrakech,Marrakech-Safi,2025-05-06,Gold
875,875,Hajar Rifi,Female,35-44,Casablanca,Casablanca-Settat,2025-03-01,Gold
876,876,Salma Alaoui,Female,55+,Agadir,Souss-Massa,2025-06-01,Silver
877,877,Karim El Amrani,Male,25-34,Tétouan,Tanger-Tétouan-Al Hoceïma,2024-03-15,Gold
878,878,Imane Tahiri,Female,35-44,Oujda,Oriental,2025-08-22,Silver
879,879,Mehdi Ziani,Female,25-34,Oujda,Oriental,2024-01-25,Gold
880,880,Nadia Ziani,Unknown,45-54,Oujda,Oriental,2024-11-14,Gold
881,881,Yassine Bennani,Male,55+,Marrakech,Marrakech-Safi,2025-08-14,Silver
882,882,Yassine Tahiri,Unknown,45-54,Rabat,Rabat-Salé-Kénitra,2025-03-03,Bronze
883,883,Salma Bennani,Unknown,55+,Casablanca,Casablanca-Settat,2026-04-01,Gold
884,884,Salma Rifi,Unknown,45-54,Tétouan,Tanger-Tétouan-Al Hoceïma,2024-08-14,Silver
885,885,Salma Tazi,Female,45-54,Tanger,Tanger-Tétouan-Al Hoceïma,2025-01-26,Gold
886,886,Imane Tahiri,Male,45-54,Tanger,Tanger-Tétouan-Al Hoceïma,2026-01-09,Bronze
887,887,Sara Bennani,Female,35-44,Agadir,Souss-Massa,2024-04-26,Gold
888,888,Imane Alaoui,Female,45-54,Casablanca,Casablanca-Settat,2024-10-24,Gold
889,889,Sara Tahiri,Female,55+,Agadir,Souss-Massa,2025-05-05,Silver
890,890,Omar Ziani,Male,18-24,Casablanca,Casablanca-Settat,2026-01-15,Silver
891,891,Hajar Bennani,Male,18-24,Tanger,Tanger-Tétouan-Al Hoceïma,2026-03-13,Silver
892,892,Mehdi Alaoui,Male,18-24,Meknès,Fès-Meknès,2024-06-03,Gold
893,893,Hajar Ziani,Female,45-54,Meknès,Fès-Meknès,2024-02-10,Bronze
894,894,Nadia El Amrani,Male,25-34,Fès,Fès-Meknès,2024-12-09,Gold
895,895,Yassine Berrada,Male,25-34,Agadir,Souss-Massa,2026-04-23,Gold
896,896,Nadia El Amrani,Unknown,45-54,Agadir,Souss-Massa,2025-04-08,Gold
897,897,Sara Mansouri,Male,25-34,Tanger,Tanger-Tétouan-Al Hoceïma,2026-03-05,Gold
898,898,Salma Ziani,Male,35-44,Meknès,Fès-Meknès,2024-09-01,Gold
899,899,Salma Bennani,Unknown,45-54,Marrakech,Marrakech-Safi,2025-08-08,Gold
900,900,Yassine Mansouri,Female,25-34,Rabat,Rabat-Salé-Kénitra,2025-02-16,Silver
901,901,Salma Tahiri,Female,35-44,Tanger,Tanger-Tétouan-Al Hoceïma,2024-01-18,Gold
902,902,Amine Rifi,Female,45-54,Tanger,Tanger-Tétouan-Al Hoceïma,2024-02-26,Gold
903,903,Sara Bennani,Male,55+,Agadir,Souss-Massa,2024-12-22,Silver
904,904,Karim El Amrani,Unknown,35-44,Rabat,Rabat-Salé-Kénitra,2025-01-16,Silver
905,905,Karim Tazi,Female,55+,Fès,Fès-Meknès,2025-05-27,Silver
906,906,Nadia Tazi,Male,35-44,Agadir,Souss-Massa,2024-08-20,Gold
907,907,Karim Tahiri,Unknown,18-24,Tétouan,Tanger-Tétouan-Al Hoceïma,2024-10-30,Gold
908,908,Karim Rifi,Female,55+,Tanger,Tanger-Tétouan-Al Hoceïma,2025-12-16,Bronze
909,909,Salma Fassi,Female,35-44,Fès,Fès-Meknès,2025-07-05,Silver
910,910,Hajar Ziani,Unknown,25-34,Tanger,Tanger-Tétouan-Al Hoceïma,2025-10-14,Gold
911,911,Salma El Amrani,Female,45-54,Marrakech,Marrakech-Safi,2024-04-25,Gold
912,912,Karim Tazi,Male,35-44,Marrakech,Marrakech-Safi,2024-11-03,Gold
913,913,Mehdi Fassi,Unknown,55+,Fès,Fès-Meknès,2025-12-19,Gold
914,914,Imane El Amrani,Unknown,25-34,Kénitra,Rabat-Salé-Kénitra,2024-12-12,Gold
915,915,Amine Ziani,Male,45-54,Tanger,Tanger-Tétouan-Al Hoceïma,2026-01-10,Silver
916,916,Omar Bennani,Unknown,45-54,Tanger,Tanger-Tétouan-Al Hoceïma,2025-12-31,Silver
917,917,Mehdi Tahiri,Male,55+,Rabat,Rabat-Salé-Kénitra,2026-01-31,Gold
918,918,Amine Ziani,Unknown,45-54,Oujda,Oriental,2026-04-29,Gold
919,919,Hajar Mansouri,Unknown,45-54,Marrakech,Marrakech-Safi,2025-03-27,Gold
920,920,Yassine Rifi,Male,18-24,Tétouan,Tanger-Tétouan-Al Hoceïma,2024-07-09,Silver
921,921,Salma El Amrani,Female,35-44,Tétouan,Tanger-Tétouan-Al Hoceïma,2024-08-14,Gold
922,922,Karim El Amrani,Male,18-24,Fès,Fès-Meknès,2025-04-27,Silver
923,923,Omar Fassi,Male,55+,Fès,Fès-Meknès,2024-06-01,Bronze
924,924,Nadia Ziani,Male,35-44,Tétouan,Tanger-Tétouan-Al Hoceïma,2024-11-27,Gold
925,925,Omar Tahiri,Male,45-54,Tanger,Tanger-Tétouan-Al Hoceïma,2025-07-06,Gold
926,926,Salma Fassi,Female,18-24,Rabat,Rabat-Salé-Kénitra,2025-04-10,Gold
927,927,Sara Mansouri,Female,45-54,Al Hoceïma,Tanger-Tétouan-Al Hoceïma,2025-12-07,Gold
928,928,Mehdi Tazi,Male,35-44,Oujda,Oriental,2024-06-23,Gold
929,929,Sara Berrada,Female,45-54,Nador,Oriental,2025-11-19,Gold
930,930,Yassine Tazi,Female,25-34,Casablanca,Casablanca-Settat,2024-10-05,Gold
931,931,Karim Tazi,Male,55+,Tanger,Tanger-Tétouan-Al Hoceïma,2025-12-14,Gold
932,932,Hajar El Amrani,Female,45-54,Agadir,Souss-Massa,2026-08-04,Silver
933,933,Hajar Fassi,Male,25-34,Tanger,Tanger-Tétouan-Al Hoceïma,2025-07-15,Bronze
934,934,Karim Mansouri,Male,18-24,Tanger,Tanger-Tétouan-Al Hoceïma,2024-01-21,Gold
935,935,Mehdi Alaoui,Unknown,45-54,Unknown,Tanger-Tétouan-Al Hoceïma,2024-12-18,Gold
936,936,Amine Berrada,Male,25-34,Unknown,Tanger-Tétouan-Al Hoceïma,2024-11-26,Gold
937,937,Sara Rifi,Female,18-24,Tanger,Tanger-Tétouan-Al Hoceïma,2024-12-29,Silver
938,938,Omar El Amrani,Unknown,55+,Kénitra,Rabat-Salé-Kénitra,2024-06-17,Gold
939,939,Nadia Mansouri,Female,25-34,Casablanca,Casablanca-Settat,2025-07-26,Gold
940,940,Sara Mansouri,Female,18-24,Tétouan,Tanger-Tétouan-Al Hoceïma,2024-08-31,Gold
941,941,Salma Bennani,Female,35-44,Casablanca,Casablanca-Settat,2024-09-17,Bronze
942,942,Amine Alaoui,Female,45-54,Fès,Fès-Meknès,2025-07-20,Gold
943,943,Nadia Berrada,Male,35-44,Tanger,Tanger-Tétouan-Al Hoceïma,2024-08-31,Gold
944,944,Sara Fassi,Male,35-44,Tanger,Tanger-Tétouan-Al Hoceïma,2024-10-10,Gold
945,945,Amine Tazi,Male,25-34,Oujda,Oriental,2024-08-13,Bronze
946,946,Imane Rifi,Male,25-34,Casablanca,Casablanca-Settat,2024-11-09,Gold
947,947,Hajar Tahiri,Unknown,35-44,Oujda,Oriental,2026-04-24,Gold
948,948,Salma Tahiri,Unknown,18-24,Tanger,Tanger-Tétouan-Al Hoceïma,2025-01-03,Gold
949,949,Hajar El Amrani,Female,35-44,Tanger,Tanger-Tétouan-Al Hoceïma,2025-02-25,Gold
950,950,Yassine El Amrani,Female,35-44,Casablanca,Casablanca-Settat,2025-05-06,Silver
951,951,Amine Tazi,Male,25-34,Marrakech,Marrakech-Safi,2025-03-16,Gold
952,952,Omar Alaoui,Unknown,45-54,Rabat,Rabat-Salé-Kénitra,2025-02-03,Gold
953,953,Karim Alaoui,Male,55+,Unknown,Tanger-Tétouan-Al Hoceïma,2025-07-11,Gold
954,954,Omar Fassi,Female,18-24,Kénitra,Rabat-Salé-Kénitra,2024-09-16,Gold
955,955,Hajar Bennani,Unknown,35-44,Unknown,Fès-Meknès,2025-05-23,Gold
956,956,Mehdi Tahiri,Male,25-34,Agadir,Souss-Massa,2025-09-05,Gold
957,957,Imane Tazi,Male,45-54,Tanger,Tanger-Tétouan-Al Hoceïma,2024-05-29,Gold
958,958,Omar Rifi,Female,35-44,Casablanca,Casablanca-Settat,2025-12-21,Gold
959,959,Hajar Tahiri,Female,35-44,Tanger,Tanger-Tétouan-Al Hoceïma,2025-03-29,Bronze
960,960,Yassine Rifi,Female,45-54,Tanger,Tanger-Tétouan-Al Hoceïma,2024-12-14,Gold
961,961,Salma Berrada,Male,45-54,Tétouan,Tanger-Tétouan-Al Hoceïma,2025-10-17,Silver
962,962,Yassine El Amrani,Male,25-34,Tanger,Tanger-Tétouan-Al Hoceïma,2024-02-05,Bronze
963,963,Salma El Amrani,Unknown,55+,Unknown,Tanger-Tétouan-Al Hoceïma,2025-11-27,Silver
964,964,Sara Alaoui,Male,45-54,Fès,Fès-Meknès,2024-10-20,Gold
965,965,Mehdi Rifi,Female,45-54,Meknès,Fès-Meknès,2025-08-04,Gold
966,966,Hajar Rifi,Female,45-54,Tanger,Tanger-Tétouan-Al Hoceïma,2024-02-22,Silver
967,967,Omar Rifi,Male,55+,Marrakech,Marrakech-Safi,2024-05-30,Gold
968,968,Yassine Alaoui,Unknown,35-44,Agadir,Souss-Massa,2024-10-13,Gold
969,969,Mehdi Berrada,Male,35-44,Tétouan,Tanger-Tétouan-Al Hoceïma,2024-07-14,Gold
970,970,Yassine Bennani,Male,25-34,Rabat,Rabat-Salé-Kénitra,2025-11-26,Silver
971,971,Imane Berrada,Female,18-24,Tanger,Tanger-Tétouan-Al Hoceïma,2024-09-23,Bronze
972,972,Nadia Fassi,Female,45-54,Tétouan,Tanger-Tétouan-Al Hoceïma,2024-10-24,Silver
973,973,Imane Berrada,Female,55+,Casablanca,Casablanca-Settat,2026-03-14,Gold
974,974,Hajar Berrada,Male,35-44,Casablanca,Casablanca-Settat,2026-02-14,Gold
975,975,Sara Fassi,Female,55+,Meknès,Fès-Meknès,2025-04-24,Gold
976,976,Karim Tahiri,Male,45-54,Meknès,Fès-Meknès,2025-03-09,Bronze
977,977,Salma Bennani,Male,25-34,Casablanca,Casablanca-Settat,2025-12-02,Bronze
978,978,Hajar Berrada,Male,55+,Unknown,Oriental,2025-05-03,Silver
979,979,Hajar Ziani,Female,55+,Fès,Fès-Meknès,2024-06-15,Silver
980,980,Nadia Ziani,Male,55+,Al Hoceïma,Tanger-Tétouan-Al Hoceïma,2025-10-14,Gold
981,981,Salma Mansouri,Female,45-54,Tétouan,Tanger-Tétouan-Al Hoceïma,2024-03-05,Gold
982,982,Amine Ziani,Male,25-34,Rabat,Rabat-Salé-Kénitra,2026-01-03,Gold
983,983,Yassine Mansouri,Female,25-34,Tanger,Tanger-Tétouan-Al Hoceïma,2025-08-01,Gold
984,984,Mehdi Tazi,Male,35-44,Tanger,Tanger-Tétouan-Al Hoceïma,2025-02-02,Silver
985,985,Omar Ziani,Female,25-34,Kénitra,Rabat-Salé-Kénitra,2026-03-21,Bronze
986,986,Karim Alaoui,Female,45-54,Rabat,Rabat-Salé-Kénitra,2024-09-05,Gold
987,987,Amine El Amrani,Female,55+,Rabat,Rabat-Salé-Kénitra,2024-02-21,Silver
988,988,Nadia Fassi,Female,35-44,Al Hoceïma,Tanger-Tétouan-Al Hoceïma,2025-12-25,Gold
989,989,Hajar Bennani,Female,35-44,Al Hoceïma,Tanger-Tétouan-Al Hoceïma,2024-09-07,Silver
990,990,Yassine Berrada,Male,25-34,Tétouan,Tanger-Tétouan-Al Hoceïma,2024-10-23,Silver
991,991,Hajar Tahiri,Male,35-44,Rabat,Rabat-Salé-Kénitra,2025-12-03,Silver
992,992,Hajar Mansouri,Female,35-44,Tétouan,Tanger-Tétouan-Al Hoceïma,2026-04-19,Gold
993,993,Hajar Bennani,Male,25-34,Tanger,Tanger-Tétouan-Al Hoceïma,2025-09-30,Gold
994,994,Yassine Mansouri,Female,25-34,Casablanca,Casablanca-Settat,2026-02-12,Gold
995,995,Omar Bennani,Male,35-44,Marrakech,Marrakech-Safi,2024-02-10,Gold
996,996,Yassine Alaoui,Unknown,25-34,Rabat,Rabat-Salé-Kénitra,2024-05-25,Gold
997,997,Omar Ziani,Female,55+,Casablanca,Casablanca-Settat,2025-04-04,Gold
998,998,Sara Tazi,Male,45-54,Rabat,Rabat-Salé-Kénitra,2024-01-23,Gold
999,999,Karim Bennani,Female,45-54,Al Hoceïma,Tanger-Tétouan-Al Hoceïma,2025-02-01,Gold
1000,1000,Mehdi Tahiri,Female,45-54,Tétouan,Tanger-Tétouan-Al Hoceïma,2024-06-29,Gold
